kotlin version: 2.0.21
error message: org.jetbrains.kotlin.backend.common.BackendException: Backend Internal error: Exception during IR lowering
File being compiled: C:/Users/muraa/StudioProjects/Franji/app/src/main/java/fr/mrantoine/franji/MainActivity.kt
The root cause java.lang.RuntimeException was thrown at: org.jetbrains.kotlin.backend.jvm.codegen.FunctionCodegen.generate(FunctionCodegen.kt:47)
	at org.jetbrains.kotlin.backend.common.CodegenUtil.reportBackendException(CodegenUtil.kt:253)
	at org.jetbrains.kotlin.backend.common.CodegenUtil.reportBackendException$default(CodegenUtil.kt:236)
	at org.jetbrains.kotlin.backend.common.phaser.PerformByIrFilePhase.invokeSequential(performByIrFile.kt:65)
	at org.jetbrains.kotlin.backend.common.phaser.PerformByIrFilePhase.invoke(performByIrFile.kt:52)
	at org.jetbrains.kotlin.backend.common.phaser.PerformByIrFilePhase.invoke(performByIrFile.kt:38)
	at org.jetbrains.kotlin.backend.common.phaser.NamedCompilerPhase.phaseBody(CompilerPhase.kt:166)
	at org.jetbrains.kotlin.backend.common.phaser.AbstractNamedCompilerPhase.invoke(CompilerPhase.kt:113)
	at org.jetbrains.kotlin.backend.common.phaser.CompositePhase.invoke(PhaseBuilders.kt:27)
	at org.jetbrains.kotlin.backend.common.phaser.CompositePhase.invoke(PhaseBuilders.kt:14)
	at org.jetbrains.kotlin.backend.common.phaser.NamedCompilerPhase.phaseBody(CompilerPhase.kt:166)
	at org.jetbrains.kotlin.backend.common.phaser.AbstractNamedCompilerPhase.invoke(CompilerPhase.kt:113)
	at org.jetbrains.kotlin.backend.common.phaser.CompilerPhaseKt.invokeToplevel(CompilerPhase.kt:62)
	at org.jetbrains.kotlin.backend.jvm.JvmIrCodegenFactory.invokeCodegen(JvmIrCodegenFactory.kt:371)
	at org.jetbrains.kotlin.codegen.CodegenFactory.generateModule(CodegenFactory.kt:47)
	at org.jetbrains.kotlin.backend.jvm.JvmIrCodegenFactory.generateModuleInFrontendIRMode(JvmIrCodegenFactory.kt:433)
	at org.jetbrains.kotlin.cli.jvm.compiler.pipeline.JvmCompilerPipelineKt.generateCodeFromIr(jvmCompilerPipeline.kt:246)
	at org.jetbrains.kotlin.cli.jvm.compiler.pipeline.JvmCompilerPipelineKt.compileModulesUsingFrontendIrAndLightTree(jvmCompilerPipeline.kt:142)
	at org.jetbrains.kotlin.cli.jvm.K2JVMCompiler.doExecute(K2JVMCompiler.kt:148)
	at org.jetbrains.kotlin.cli.jvm.K2JVMCompiler.doExecute(K2JVMCompiler.kt:43)
	at org.jetbrains.kotlin.cli.common.CLICompiler.execImpl(CLICompiler.kt:103)
	at org.jetbrains.kotlin.cli.common.CLICompiler.execImpl(CLICompiler.kt:49)
	at org.jetbrains.kotlin.cli.common.CLITool.exec(CLITool.kt:101)
	at org.jetbrains.kotlin.incremental.IncrementalJvmCompilerRunner.runCompiler(IncrementalJvmCompilerRunner.kt:464)
	at org.jetbrains.kotlin.incremental.IncrementalJvmCompilerRunner.runCompiler(IncrementalJvmCompilerRunner.kt:73)
	at org.jetbrains.kotlin.incremental.IncrementalCompilerRunner.doCompile(IncrementalCompilerRunner.kt:506)
	at org.jetbrains.kotlin.incremental.IncrementalCompilerRunner.compileImpl(IncrementalCompilerRunner.kt:423)
	at org.jetbrains.kotlin.incremental.IncrementalCompilerRunner.compileNonIncrementally(IncrementalCompilerRunner.kt:301)
	at org.jetbrains.kotlin.incremental.IncrementalCompilerRunner.compile(IncrementalCompilerRunner.kt:129)
	at org.jetbrains.kotlin.daemon.CompileServiceImplBase.execIncrementalCompiler(CompileServiceImpl.kt:675)
	at org.jetbrains.kotlin.daemon.CompileServiceImplBase.access$execIncrementalCompiler(CompileServiceImpl.kt:92)
	at org.jetbrains.kotlin.daemon.CompileServiceImpl.compile(CompileServiceImpl.kt:1660)
	at java.base/jdk.internal.reflect.DirectMethodHandleAccessor.invoke(Unknown Source)
	at java.base/java.lang.reflect.Method.invoke(Unknown Source)
	at java.rmi/sun.rmi.server.UnicastServerRef.dispatch(Unknown Source)
	at java.rmi/sun.rmi.transport.Transport$1.run(Unknown Source)
	at java.rmi/sun.rmi.transport.Transport$1.run(Unknown Source)
	at java.base/java.security.AccessController.doPrivileged(Unknown Source)
	at java.rmi/sun.rmi.transport.Transport.serviceCall(Unknown Source)
	at java.rmi/sun.rmi.transport.tcp.TCPTransport.handleMessages(Unknown Source)
	at java.rmi/sun.rmi.transport.tcp.TCPTransport$ConnectionHandler.run0(Unknown Source)
	at java.rmi/sun.rmi.transport.tcp.TCPTransport$ConnectionHandler.lambda$run$0(Unknown Source)
	at java.base/java.security.AccessController.doPrivileged(Unknown Source)
	at java.rmi/sun.rmi.transport.tcp.TCPTransport$ConnectionHandler.run(Unknown Source)
	at java.base/java.util.concurrent.ThreadPoolExecutor.runWorker(Unknown Source)
	at java.base/java.util.concurrent.ThreadPoolExecutor$Worker.run(Unknown Source)
	at java.base/java.lang.Thread.run(Unknown Source)
Caused by: java.lang.RuntimeException: Exception while generating code for:
FUN CLASS_STATIC_INITIALIZER name:<clinit> visibility:public/*package*/ modality:FINAL <> () returnType:kotlin.Unit
  BLOCK_BODY
    SET_FIELD 'FIELD FIELD_FOR_OBJECT_INSTANCE name:INSTANCE type:fr.mrantoine.franji.ComposableSingletons$MainActivityKt visibility:public [final,static] declared in fr.mrantoine.franji.ComposableSingletons$MainActivityKt' type=kotlin.Unit origin=INITIALIZE_FIELD
      value: CONSTRUCTOR_CALL 'public constructor <init> () [primary] declared in fr.mrantoine.franji.ComposableSingletons$MainActivityKt' type=fr.mrantoine.franji.ComposableSingletons$MainActivityKt origin=null
    SET_FIELD 'FIELD name:lambda-1 type:@[ExtensionFunctionType] kotlin.Function4<androidx.compose.animation.AnimatedVisibilityScope, androidx.navigation.NavBackStackEntry, androidx.compose.runtime.Composer, kotlin.Int, kotlin.Unit> visibility:internal [static] declared in fr.mrantoine.franji.ComposableSingletons$MainActivityKt' type=kotlin.Unit origin=INITIALIZE_FIELD
      value: CALL 'public final fun composableLambdaInstance (key: kotlin.Int, tracked: kotlin.Boolean, block: kotlin.Any): androidx.compose.runtime.internal.ComposableLambda declared in androidx.compose.runtime.internal.ComposableLambdaKt' type=androidx.compose.runtime.internal.ComposableLambda origin=null
        key: CONST Int type=kotlin.Int value=-1953349722
        tracked: CONST Boolean type=kotlin.Boolean value=false
        block: BLOCK type=fr.mrantoine.franji.ComposableSingletons$MainActivityKt.<clinit>.<no name provided> origin=null
          CLASS LAMBDA_IMPL CLASS name:<no name provided> modality:FINAL visibility:public/*package*/ superTypes:[kotlin.Any; kotlin.Function4<androidx.compose.animation.AnimatedVisibilityScope, androidx.navigation.NavBackStackEntry, androidx.compose.runtime.Composer, kotlin.Int, kotlin.Unit>]
            $this: VALUE_PARAMETER INSTANCE_RECEIVER name:<this> type:fr.mrantoine.franji.ComposableSingletons$MainActivityKt.<clinit>.<no name provided>
            CONSTRUCTOR GENERATED_MEMBER_IN_CALLABLE_REFERENCE visibility:public/*package*/ <> () returnType:fr.mrantoine.franji.ComposableSingletons$MainActivityKt.<clinit>.<no name provided> [primary]
              BLOCK_BODY
                DELEGATING_CONSTRUCTOR_CALL 'public constructor <init> () [primary] declared in kotlin.Any'
                BLOCK type=kotlin.Unit origin=null
            FUN name:invoke visibility:public modality:FINAL <> ($this:fr.mrantoine.franji.ComposableSingletons$MainActivityKt.<clinit>.<no name provided>, $this$composable:androidx.compose.animation.AnimatedVisibilityScope, it:androidx.navigation.NavBackStackEntry, $composer:androidx.compose.runtime.Composer?, $changed:kotlin.Int) returnType:kotlin.Unit
              annotations:
                Composable
                ComposableTarget(applier = "androidx.compose.ui.UiComposable")
              overridden:
                public abstract fun invoke (p1: P1 of kotlin.Function4, p2: P2 of kotlin.Function4, p3: P3 of kotlin.Function4, p4: P4 of kotlin.Function4): R of kotlin.Function4 [operator] declared in kotlin.Function4
              $this: VALUE_PARAMETER INSTANCE_RECEIVER name:<this> type:fr.mrantoine.franji.ComposableSingletons$MainActivityKt.<clinit>.<no name provided>
              VALUE_PARAMETER name:$this$composable index:0 type:androidx.compose.animation.AnimatedVisibilityScope
              VALUE_PARAMETER name:it index:1 type:androidx.navigation.NavBackStackEntry
              VALUE_PARAMETER name:$composer index:2 type:androidx.compose.runtime.Composer? [assignable]
              VALUE_PARAMETER name:$changed index:3 type:kotlin.Int
              BLOCK_BODY
                CALL 'public final fun sourceInformation (composer: androidx.compose.runtime.Composer, sourceInformation: kotlin.String): kotlin.Unit declared in androidx.compose.runtime.ComposerKt' type=kotlin.Unit origin=null
                  composer: GET_VAR '$composer: androidx.compose.runtime.Composer? [assignable] declared in fr.mrantoine.franji.ComposableSingletons$MainActivityKt.<clinit>.<no name provided>.invoke' type=androidx.compose.runtime.Composer? origin=null
                  sourceInformation: CONST String type=kotlin.String value="C65@3109L13:MainActivity.kt#hbl8mt"
                COMPOSITE type=kotlin.Unit origin=null
                  WHEN type=kotlin.Unit origin=IF
                    BRANCH
                      if: CALL 'public final fun isTraceInProgress (): kotlin.Boolean declared in androidx.compose.runtime.ComposerKt' type=kotlin.Boolean origin=null
                      then: CALL 'public final fun traceEventStart (key: kotlin.Int, dirty1: kotlin.Int, dirty2: kotlin.Int, info: kotlin.String): kotlin.Unit declared in androidx.compose.runtime.ComposerKt' type=kotlin.Unit origin=null
                        key: CONST Int type=kotlin.Int value=-1953349722
                        dirty1: GET_VAR '$changed: kotlin.Int declared in fr.mrantoine.franji.ComposableSingletons$MainActivityKt.<clinit>.<no name provided>.invoke' type=kotlin.Int origin=null
                        dirty2: CONST Int type=kotlin.Int value=-1
                        info: CONST String type=kotlin.String value="fr.mrantoine.franji.ComposableSingletons$MainActivityKt.lambda-1.<anonymous> (MainActivity.kt:65)"
                  CALL 'public final fun LoginScreen ($composer: androidx.compose.runtime.Composer?, $changed: kotlin.Int): kotlin.Unit declared in fr.mrantoine.franji.ui.screens.auth.LoginScreenKt' type=kotlin.Unit origin=null
                    $composer: GET_VAR '$composer: androidx.compose.runtime.Composer? [assignable] declared in fr.mrantoine.franji.ComposableSingletons$MainActivityKt.<clinit>.<no name provided>.invoke' type=androidx.compose.runtime.Composer? origin=null
                    $changed: CONST Int type=kotlin.Int value=0
                  WHEN type=kotlin.Unit origin=IF
                    BRANCH
                      if: CALL 'public final fun isTraceInProgress (): kotlin.Boolean declared in androidx.compose.runtime.ComposerKt' type=kotlin.Boolean origin=null
                      then: CALL 'public final fun traceEventEnd (): kotlin.Unit declared in androidx.compose.runtime.ComposerKt' type=kotlin.Unit origin=null
            FIELD FIELD_FOR_OBJECT_INSTANCE name:INSTANCE type:fr.mrantoine.franji.ComposableSingletons$MainActivityKt.<clinit>.<no name provided> visibility:public [final,static]
            FUN CLASS_STATIC_INITIALIZER name:<clinit> visibility:public/*package*/ modality:FINAL <> () returnType:kotlin.Unit
              BLOCK_BODY
                SET_FIELD 'FIELD FIELD_FOR_OBJECT_INSTANCE name:INSTANCE type:fr.mrantoine.franji.ComposableSingletons$MainActivityKt.<clinit>.<no name provided> visibility:public [final,static] declared in fr.mrantoine.franji.ComposableSingletons$MainActivityKt.<clinit>.<no name provided>' type=kotlin.Unit origin=INITIALIZE_FIELD
                  value: CONSTRUCTOR_CALL 'public/*package*/ constructor <init> () [primary] declared in fr.mrantoine.franji.ComposableSingletons$MainActivityKt.<clinit>.<no name provided>' type=fr.mrantoine.franji.ComposableSingletons$MainActivityKt.<clinit>.<no name provided> origin=null
            FUN BRIDGE name:invoke visibility:public modality:OPEN <> ($this:fr.mrantoine.franji.ComposableSingletons$MainActivityKt.<clinit>.<no name provided>, p1:kotlin.Any?, p2:kotlin.Any?, p3:kotlin.Any?, p4:kotlin.Any?) returnType:kotlin.Any?
              $this: VALUE_PARAMETER INSTANCE_RECEIVER name:<this> type:fr.mrantoine.franji.ComposableSingletons$MainActivityKt.<clinit>.<no name provided>
              VALUE_PARAMETER BRIDGE name:p1 index:0 type:kotlin.Any?
              VALUE_PARAMETER BRIDGE name:p2 index:1 type:kotlin.Any?
              VALUE_PARAMETER BRIDGE name:p3 index:2 type:kotlin.Any?
              VALUE_PARAMETER BRIDGE name:p4 index:3 type:kotlin.Any?
              EXPRESSION_BODY
                RETURN type=kotlin.Nothing from='public open fun invoke (p1: kotlin.Any?, p2: kotlin.Any?, p3: kotlin.Any?, p4: kotlin.Any?): kotlin.Any? declared in fr.mrantoine.franji.ComposableSingletons$MainActivityKt.<clinit>.<no name provided>'
                  CALL 'public final fun invoke ($this$composable: androidx.compose.animation.AnimatedVisibilityScope, it: androidx.navigation.NavBackStackEntry, $composer: androidx.compose.runtime.Composer?, $changed: kotlin.Int): kotlin.Unit declared in fr.mrantoine.franji.ComposableSingletons$MainActivityKt.<clinit>.<no name provided>' type=kotlin.Unit origin=BRIDGE_DELEGATION
                    $this: GET_VAR '<this>: fr.mrantoine.franji.ComposableSingletons$MainActivityKt.<clinit>.<no name provided> declared in fr.mrantoine.franji.ComposableSingletons$MainActivityKt.<clinit>.<no name provided>.invoke' type=fr.mrantoine.franji.ComposableSingletons$MainActivityKt.<clinit>.<no name provided> origin=null
                    $this$composable: TYPE_OP type=androidx.compose.animation.AnimatedVisibilityScope origin=IMPLICIT_CAST typeOperand=androidx.compose.animation.AnimatedVisibilityScope
                      GET_VAR 'p1: kotlin.Any? declared in fr.mrantoine.franji.ComposableSingletons$MainActivityKt.<clinit>.<no name provided>.invoke' type=kotlin.Any? origin=null
                    it: TYPE_OP type=androidx.navigation.NavBackStackEntry origin=IMPLICIT_CAST typeOperand=androidx.navigation.NavBackStackEntry
                      GET_VAR 'p2: kotlin.Any? declared in fr.mrantoine.franji.ComposableSingletons$MainActivityKt.<clinit>.<no name provided>.invoke' type=kotlin.Any? origin=null
                    $composer: TYPE_OP type=androidx.compose.runtime.Composer origin=IMPLICIT_CAST typeOperand=androidx.compose.runtime.Composer
                      GET_VAR 'p3: kotlin.Any? declared in fr.mrantoine.franji.ComposableSingletons$MainActivityKt.<clinit>.<no name provided>.invoke' type=kotlin.Any? origin=null
                    $changed: TYPE_OP type=kotlin.Int origin=IMPLICIT_CAST typeOperand=kotlin.Int
                      GET_VAR 'p4: kotlin.Any? declared in fr.mrantoine.franji.ComposableSingletons$MainActivityKt.<clinit>.<no name provided>.invoke' type=kotlin.Any? origin=null
          GET_FIELD 'FIELD FIELD_FOR_OBJECT_INSTANCE name:INSTANCE type:fr.mrantoine.franji.ComposableSingletons$MainActivityKt.<clinit>.<no name provided> visibility:public [final,static] declared in fr.mrantoine.franji.ComposableSingletons$MainActivityKt.<clinit>.<no name provided>' type=fr.mrantoine.franji.ComposableSingletons$MainActivityKt.<clinit>.<no name provided> origin=null
    SET_FIELD 'FIELD name:lambda-2 type:kotlin.Function2<androidx.compose.runtime.Composer, kotlin.Int, kotlin.Unit> visibility:internal [static] declared in fr.mrantoine.franji.ComposableSingletons$MainActivityKt' type=kotlin.Unit origin=INITIALIZE_FIELD
      value: CALL 'public final fun composableLambdaInstance (key: kotlin.Int, tracked: kotlin.Boolean, block: kotlin.Any): androidx.compose.runtime.internal.ComposableLambda declared in androidx.compose.runtime.internal.ComposableLambdaKt' type=androidx.compose.runtime.internal.ComposableLambda origin=null
        key: CONST Int type=kotlin.Int value=986180799
        tracked: CONST Boolean type=kotlin.Boolean value=false
        block: BLOCK type=fr.mrantoine.franji.ComposableSingletons$MainActivityKt.<clinit>.<no name provided> origin=null
          CLASS LAMBDA_IMPL CLASS name:<no name provided> modality:FINAL visibility:public/*package*/ superTypes:[kotlin.Any; kotlin.Function2<androidx.compose.runtime.Composer, kotlin.Int, kotlin.Unit>]
            $this: VALUE_PARAMETER INSTANCE_RECEIVER name:<this> type:fr.mrantoine.franji.ComposableSingletons$MainActivityKt.<clinit>.<no name provided>
            CONSTRUCTOR GENERATED_MEMBER_IN_CALLABLE_REFERENCE visibility:public/*package*/ <> () returnType:fr.mrantoine.franji.ComposableSingletons$MainActivityKt.<clinit>.<no name provided> [primary]
              BLOCK_BODY
                DELEGATING_CONSTRUCTOR_CALL 'public constructor <init> () [primary] declared in kotlin.Any'
                BLOCK type=kotlin.Unit origin=null
            FUN name:invoke visibility:public modality:FINAL <> ($this:fr.mrantoine.franji.ComposableSingletons$MainActivityKt.<clinit>.<no name provided>, $composer:androidx.compose.runtime.Composer?, $changed:kotlin.Int) returnType:kotlin.Unit
              annotations:
                Composable
                ComposableTarget(applier = "androidx.compose.ui.UiComposable")
              overridden:
                public abstract fun invoke (p1: P1 of kotlin.Function2, p2: P2 of kotlin.Function2): R of kotlin.Function2 [operator] declared in kotlin.Function2
              $this: VALUE_PARAMETER INSTANCE_RECEIVER name:<this> type:fr.mrantoine.franji.ComposableSingletons$MainActivityKt.<clinit>.<no name provided>
              VALUE_PARAMETER name:$composer index:0 type:androidx.compose.runtime.Composer? [assignable]
              VALUE_PARAMETER name:$changed index:1 type:kotlin.Int
              BLOCK_BODY
                CALL 'public final fun sourceInformation (composer: androidx.compose.runtime.Composer, sourceInformation: kotlin.String): kotlin.Unit declared in androidx.compose.runtime.ComposerKt' type=kotlin.Unit origin=null
                  composer: GET_VAR '$composer: androidx.compose.runtime.Composer? [assignable] declared in fr.mrantoine.franji.ComposableSingletons$MainActivityKt.<clinit>.<no name provided>.invoke' type=androidx.compose.runtime.Composer? origin=null
                  sourceInformation: CONST String type=kotlin.String value="C38@1679L23,43@1884L61,44@1984L63,45@2066L1096,40@1720L1442:MainActivity.kt#hbl8mt"
                WHEN type=kotlin.Unit origin=IF
                  BRANCH
                    if: CALL 'public final fun OROR (arg0: kotlin.Boolean, arg1: kotlin.Boolean): kotlin.Boolean declared in kotlin.internal.ir' type=kotlin.Boolean origin=null
                      arg0: CALL 'public final fun not (): kotlin.Boolean [operator] declared in kotlin.Boolean' type=kotlin.Boolean origin=null
                        $this: CALL 'public final fun EQEQ (arg0: kotlin.Any?, arg1: kotlin.Any?): kotlin.Boolean declared in kotlin.internal.ir' type=kotlin.Boolean origin=null
                          arg0: CALL 'public final fun and (other: kotlin.Int): kotlin.Int [infix] declared in kotlin.Int' type=kotlin.Int origin=null
                            $this: GET_VAR '$changed: kotlin.Int declared in fr.mrantoine.franji.ComposableSingletons$MainActivityKt.<clinit>.<no name provided>.invoke' type=kotlin.Int origin=null
                            other: CONST Int type=kotlin.Int value=3
                          arg1: CONST Int type=kotlin.Int value=2
                      arg1: CALL 'public final fun not (): kotlin.Boolean [operator] declared in kotlin.Boolean' type=kotlin.Boolean origin=null
                        $this: CALL 'public abstract fun <get-skipping> (): kotlin.Boolean declared in androidx.compose.runtime.Composer' type=kotlin.Boolean origin=null
                          $this: GET_VAR '$composer: androidx.compose.runtime.Composer? [assignable] declared in fr.mrantoine.franji.ComposableSingletons$MainActivityKt.<clinit>.<no name provided>.invoke' type=androidx.compose.runtime.Composer? origin=null
                    then: BLOCK type=kotlin.Unit origin=null
                      WHEN type=kotlin.Unit origin=IF
                        BRANCH
                          if: CALL 'public final fun isTraceInProgress (): kotlin.Boolean declared in androidx.compose.runtime.ComposerKt' type=kotlin.Boolean origin=null
                          then: CALL 'public final fun traceEventStart (key: kotlin.Int, dirty1: kotlin.Int, dirty2: kotlin.Int, info: kotlin.String): kotlin.Unit declared in androidx.compose.runtime.ComposerKt' type=kotlin.Unit origin=null
                            key: CONST Int type=kotlin.Int value=986180799
                            dirty1: GET_VAR '$changed: kotlin.Int declared in fr.mrantoine.franji.ComposableSingletons$MainActivityKt.<clinit>.<no name provided>.invoke' type=kotlin.Int origin=null
                            dirty2: CONST Int type=kotlin.Int value=-1
                            info: CONST String type=kotlin.String value="fr.mrantoine.franji.ComposableSingletons$MainActivityKt.lambda-2.<anonymous> (MainActivity.kt:38)"
                      VAR name:navController type:androidx.navigation.NavHostController [val]
                        CALL 'public final fun rememberNavController (vararg navigators: androidx.navigation.Navigator<out androidx.navigation.NavDestination>, $composer: androidx.compose.runtime.Composer?, $changed: kotlin.Int): androidx.navigation.NavHostController declared in androidx.navigation.compose.NavHostControllerKt' type=androidx.navigation.NavHostController origin=null
                          navigators: CALL 'public final fun arrayOfNulls <T> (size: kotlin.Int): kotlin.Array<T of kotlin.arrayOfNulls?> declared in kotlin' type=kotlin.Array<out androidx.navigation.Navigator<out androidx.navigation.NavDestination>> origin=null
                            <T>: androidx.navigation.Navigator<out androidx.navigation.NavDestination>
                            size: CONST Int type=kotlin.Int value=0
                          $composer: GET_VAR '$composer: androidx.compose.runtime.Composer? [assignable] declared in fr.mrantoine.franji.ComposableSingletons$MainActivityKt.<clinit>.<no name provided>.invoke' type=androidx.compose.runtime.Composer? origin=null
                          $changed: CONST Int type=kotlin.Int value=0
                      CALL 'public final fun AnimatedNavHost (navController: androidx.navigation.NavHostController, startDestination: kotlin.String, modifier: androidx.compose.ui.Modifier?, contentAlignment: androidx.compose.ui.Alignment?, route: kotlin.String?, enterTransition: @[ExtensionFunctionType] kotlin.Function1<IrErrorType(null), androidx.compose.animation.EnterTransition>?, exitTransition: @[ExtensionFunctionType] kotlin.Function1<IrErrorType(null), androidx.compose.animation.ExitTransition>?, popEnterTransition: @[ExtensionFunctionType] kotlin.Function1<IrErrorType(null), androidx.compose.animation.EnterTransition>?, popExitTransition: @[ExtensionFunctionType] kotlin.Function1<IrErrorType(null), androidx.compose.animation.ExitTransition>?, builder: @[ExtensionFunctionType] kotlin.Function1<androidx.navigation.NavGraphBuilder, kotlin.Unit>, $composer: androidx.compose.runtime.Composer?, $changed: kotlin.Int, $default: kotlin.Int): kotlin.Unit declared in com.google.accompanist.navigation.animation.AnimatedNavHostKt' type=kotlin.Unit origin=null
                        navController: GET_VAR 'val navController: androidx.navigation.NavHostController [val] declared in fr.mrantoine.franji.ComposableSingletons$MainActivityKt.<clinit>.<no name provided>.invoke' type=androidx.navigation.NavHostController origin=null
                        startDestination: CONST String type=kotlin.String value="splash"
                        modifier: COMPOSITE type=kotlin.Nothing? origin=DEFAULT_VALUE
                          CONST Null type=kotlin.Nothing? value=null
                        contentAlignment: COMPOSITE type=kotlin.Nothing? origin=DEFAULT_VALUE
                          CONST Null type=kotlin.Nothing? value=null
                        route: COMPOSITE type=kotlin.Nothing? origin=DEFAULT_VALUE
                          CONST Null type=kotlin.Nothing? value=null
                        enterTransition: BLOCK type=@[ExtensionFunctionType] kotlin.Function1<IrErrorType(null), androidx.compose.animation.EnterTransition> origin=null
                          BLOCK type=kotlin.Unit origin=null
                            CALL 'public abstract fun startReplaceGroup (key: kotlin.Int): kotlin.Unit declared in androidx.compose.runtime.Composer' type=kotlin.Unit origin=null
                              $this: GET_VAR '$composer: androidx.compose.runtime.Composer? [assignable] declared in fr.mrantoine.franji.ComposableSingletons$MainActivityKt.<clinit>.<no name provided>.invoke' type=androidx.compose.runtime.Composer? origin=null
                              key: CONST Int type=kotlin.Int value=724000879
                            CALL 'public final fun sourceInformation (composer: androidx.compose.runtime.Composer, sourceInformation: kotlin.String): kotlin.Unit declared in androidx.compose.runtime.ComposerKt' type=kotlin.Unit origin=null
                              composer: GET_VAR '$composer: androidx.compose.runtime.Composer? [assignable] declared in fr.mrantoine.franji.ComposableSingletons$MainActivityKt.<clinit>.<no name provided>.invoke' type=androidx.compose.runtime.Composer? origin=null
                              sourceInformation: CONST String type=kotlin.String value="CC(remember):MainActivity.kt#9igjgp"
                          VAR IR_TEMPORARY_VARIABLE name:tmp0_group type:@[ExtensionFunctionType] kotlin.Function1<IrErrorType(null), androidx.compose.animation.EnterTransition> [val]
                            CALL 'public final fun cache <T> (invalid: kotlin.Boolean, block: @[DisallowComposableCalls] kotlin.Function0<T of androidx.compose.runtime.ComposerKt.cache>): T of androidx.compose.runtime.ComposerKt.cache [inline] declared in androidx.compose.runtime.ComposerKt' type=@[ExtensionFunctionType] kotlin.Function1<IrErrorType(null), androidx.compose.animation.EnterTransition> origin=null
                              <T>: @[ExtensionFunctionType] kotlin.Function1<IrErrorType(null), androidx.compose.animation.EnterTransition>
                              $receiver: GET_VAR '$composer: androidx.compose.runtime.Composer? [assignable] declared in fr.mrantoine.franji.ComposableSingletons$MainActivityKt.<clinit>.<no name provided>.invoke' type=androidx.compose.runtime.Composer? origin=null
                              invalid: CONST Boolean type=kotlin.Boolean value=false
                              block: BLOCK type=kotlin.Function0<@[ExtensionFunctionType] kotlin.Function1<IrErrorType(null), androidx.compose.animation.EnterTransition>> origin=LAMBDA
                                COMPOSITE type=kotlin.Unit origin=null
                                FUNCTION_REFERENCE 'private final fun invoke$lambda$2 (): @[ExtensionFunctionType] kotlin.Function1<IrErrorType(null), androidx.compose.animation.EnterTransition> declared in fr.mrantoine.franji.ComposableSingletons$MainActivityKt.<clinit>.<no name provided>' type=kotlin.Function0<@[ExtensionFunctionType] kotlin.Function1<IrErrorType(null), androidx.compose.animation.EnterTransition>> origin=INLINE_LAMBDA reflectionTarget=null
                          CALL 'public abstract fun endReplaceGroup (): kotlin.Unit declared in androidx.compose.runtime.Composer' type=kotlin.Unit origin=null
                            $this: GET_VAR '$composer: androidx.compose.runtime.Composer? [assignable] declared in fr.mrantoine.franji.ComposableSingletons$MainActivityKt.<clinit>.<no name provided>.invoke' type=androidx.compose.runtime.Composer? origin=null
                          GET_VAR 'val tmp0_group: @[ExtensionFunctionType] kotlin.Function1<IrErrorType(null), androidx.compose.animation.EnterTransition> [val] declared in fr.mrantoine.franji.ComposableSingletons$MainActivityKt.<clinit>.<no name provided>.invoke' type=@[ExtensionFunctionType] kotlin.Function1<IrErrorType(null), androidx.compose.animation.EnterTransition> origin=null
                        exitTransition: BLOCK type=@[ExtensionFunctionType] kotlin.Function1<IrErrorType(null), androidx.compose.animation.ExitTransition> origin=null
                          BLOCK type=kotlin.Unit origin=null
                            CALL 'public abstract fun startReplaceGroup (key: kotlin.Int): kotlin.Unit declared in androidx.compose.runtime.Composer' type=kotlin.Unit origin=null
                              $this: GET_VAR '$composer: androidx.compose.runtime.Composer? [assignable] declared in fr.mrantoine.franji.ComposableSingletons$MainActivityKt.<clinit>.<no name provided>.invoke' type=androidx.compose.runtime.Composer? origin=null
                              key: CONST Int type=kotlin.Int value=724004081
                            CALL 'public final fun sourceInformation (composer: androidx.compose.runtime.Composer, sourceInformation: kotlin.String): kotlin.Unit declared in androidx.compose.runtime.ComposerKt' type=kotlin.Unit origin=null
                              composer: GET_VAR '$composer: androidx.compose.runtime.Composer? [assignable] declared in fr.mrantoine.franji.ComposableSingletons$MainActivityKt.<clinit>.<no name provided>.invoke' type=androidx.compose.runtime.Composer? origin=null
                              sourceInformation: CONST String type=kotlin.String value="CC(remember):MainActivity.kt#9igjgp"
                          VAR IR_TEMPORARY_VARIABLE name:tmp1_group type:@[ExtensionFunctionType] kotlin.Function1<IrErrorType(null), androidx.compose.animation.ExitTransition> [val]
                            CALL 'public final fun cache <T> (invalid: kotlin.Boolean, block: @[DisallowComposableCalls] kotlin.Function0<T of androidx.compose.runtime.ComposerKt.cache>): T of androidx.compose.runtime.ComposerKt.cache [inline] declared in androidx.compose.runtime.ComposerKt' type=@[ExtensionFunctionType] kotlin.Function1<IrErrorType(null), androidx.compose.animation.ExitTransition> origin=null
                              <T>: @[ExtensionFunctionType] kotlin.Function1<IrErrorType(null), androidx.compose.animation.ExitTransition>
                              $receiver: GET_VAR '$composer: androidx.compose.runtime.Composer? [assignable] declared in fr.mrantoine.franji.ComposableSingletons$MainActivityKt.<clinit>.<no name provided>.invoke' type=androidx.compose.runtime.Composer? origin=null
                              invalid: CONST Boolean type=kotlin.Boolean value=false
                              block: BLOCK type=kotlin.Function0<@[ExtensionFunctionType] kotlin.Function1<IrErrorType(null), androidx.compose.animation.ExitTransition>> origin=LAMBDA
                                COMPOSITE type=kotlin.Unit origin=null
                                FUNCTION_REFERENCE 'private final fun invoke$lambda$5 (): @[ExtensionFunctionType] kotlin.Function1<IrErrorType(null), androidx.compose.animation.ExitTransition> declared in fr.mrantoine.franji.ComposableSingletons$MainActivityKt.<clinit>.<no name provided>' type=kotlin.Function0<@[ExtensionFunctionType] kotlin.Function1<IrErrorType(null), androidx.compose.animation.ExitTransition>> origin=INLINE_LAMBDA reflectionTarget=null
                          CALL 'public abstract fun endReplaceGroup (): kotlin.Unit declared in androidx.compose.runtime.Composer' type=kotlin.Unit origin=null
                            $this: GET_VAR '$composer: androidx.compose.runtime.Composer? [assignable] declared in fr.mrantoine.franji.ComposableSingletons$MainActivityKt.<clinit>.<no name provided>.invoke' type=androidx.compose.runtime.Composer? origin=null
                          GET_VAR 'val tmp1_group: @[ExtensionFunctionType] kotlin.Function1<IrErrorType(null), androidx.compose.animation.ExitTransition> [val] declared in fr.mrantoine.franji.ComposableSingletons$MainActivityKt.<clinit>.<no name provided>.invoke' type=@[ExtensionFunctionType] kotlin.Function1<IrErrorType(null), androidx.compose.animation.ExitTransition> origin=null
                        popEnterTransition: COMPOSITE type=kotlin.Nothing? origin=DEFAULT_VALUE
                          CONST Null type=kotlin.Nothing? value=null
                        popExitTransition: COMPOSITE type=kotlin.Nothing? origin=DEFAULT_VALUE
                          CONST Null type=kotlin.Nothing? value=null
                        builder: BLOCK type=@[ExtensionFunctionType] kotlin.Function1<androidx.navigation.NavGraphBuilder, kotlin.Unit> origin=null
                          BLOCK type=kotlin.Unit origin=null
                            CALL 'public abstract fun startReplaceGroup (key: kotlin.Int): kotlin.Unit declared in androidx.compose.runtime.Composer' type=kotlin.Unit origin=null
                              $this: GET_VAR '$composer: androidx.compose.runtime.Composer? [assignable] declared in fr.mrantoine.franji.ComposableSingletons$MainActivityKt.<clinit>.<no name provided>.invoke' type=androidx.compose.runtime.Composer? origin=null
                              key: CONST Int type=kotlin.Int value=724007738
                            CALL 'public final fun sourceInformation (composer: androidx.compose.runtime.Composer, sourceInformation: kotlin.String): kotlin.Unit declared in androidx.compose.runtime.ComposerKt' type=kotlin.Unit origin=null
                              composer: GET_VAR '$composer: androidx.compose.runtime.Composer? [assignable] declared in fr.mrantoine.franji.ComposableSingletons$MainActivityKt.<clinit>.<no name provided>.invoke' type=androidx.compose.runtime.Composer? origin=null
                              sourceInformation: CONST String type=kotlin.String value="CC(remember):MainActivity.kt#9igjgp"
                          VAR IR_TEMPORARY_VARIABLE name:tmp2_group type:@[ExtensionFunctionType] kotlin.Function1<androidx.navigation.NavGraphBuilder, kotlin.Unit> [val]
                            CALL 'public final fun cache <T> (invalid: kotlin.Boolean, block: @[DisallowComposableCalls] kotlin.Function0<T of androidx.compose.runtime.ComposerKt.cache>): T of androidx.compose.runtime.ComposerKt.cache [inline] declared in androidx.compose.runtime.ComposerKt' type=@[ExtensionFunctionType] kotlin.Function1<androidx.navigation.NavGraphBuilder, kotlin.Unit> origin=null
                              <T>: @[ExtensionFunctionType] kotlin.Function1<androidx.navigation.NavGraphBuilder, kotlin.Unit>
                              $receiver: GET_VAR '$composer: androidx.compose.runtime.Composer? [assignable] declared in fr.mrantoine.franji.ComposableSingletons$MainActivityKt.<clinit>.<no name provided>.invoke' type=androidx.compose.runtime.Composer? origin=null
                              invalid: CALL 'public open fun changedInstance (value: kotlin.Any?): kotlin.Boolean declared in androidx.compose.runtime.Composer' type=kotlin.Boolean origin=null
                                $this: GET_VAR '$composer: androidx.compose.runtime.Composer? [assignable] declared in fr.mrantoine.franji.ComposableSingletons$MainActivityKt.<clinit>.<no name provided>.invoke' type=androidx.compose.runtime.Composer? origin=null
                                value: GET_VAR 'val navController: androidx.navigation.NavHostController [val] declared in fr.mrantoine.franji.ComposableSingletons$MainActivityKt.<clinit>.<no name provided>.invoke' type=androidx.navigation.NavHostController origin=null
                              block: BLOCK type=kotlin.Function0<@[ExtensionFunctionType] kotlin.Function1<androidx.navigation.NavGraphBuilder, kotlin.Unit>> origin=LAMBDA
                                COMPOSITE type=kotlin.Unit origin=null
                                FUNCTION_REFERENCE 'private final fun invoke$lambda$7 ($navController: androidx.navigation.NavHostController): @[ExtensionFunctionType] kotlin.Function1<androidx.navigation.NavGraphBuilder, kotlin.Unit> declared in fr.mrantoine.franji.ComposableSingletons$MainActivityKt.<clinit>.<no name provided>' type=kotlin.Function0<@[ExtensionFunctionType] kotlin.Function1<androidx.navigation.NavGraphBuilder, kotlin.Unit>> origin=INLINE_LAMBDA reflectionTarget=null
                                  $navController: GET_VAR 'val navController: androidx.navigation.NavHostController [val] declared in fr.mrantoine.franji.ComposableSingletons$MainActivityKt.<clinit>.<no name provided>.invoke' type=androidx.navigation.NavHostController origin=null
                          CALL 'public abstract fun endReplaceGroup (): kotlin.Unit declared in androidx.compose.runtime.Composer' type=kotlin.Unit origin=null
                            $this: GET_VAR '$composer: androidx.compose.runtime.Composer? [assignable] declared in fr.mrantoine.franji.ComposableSingletons$MainActivityKt.<clinit>.<no name provided>.invoke' type=androidx.compose.runtime.Composer? origin=null
                          GET_VAR 'val tmp2_group: @[ExtensionFunctionType] kotlin.Function1<androidx.navigation.NavGraphBuilder, kotlin.Unit> [val] declared in fr.mrantoine.franji.ComposableSingletons$MainActivityKt.<clinit>.<no name provided>.invoke' type=@[ExtensionFunctionType] kotlin.Function1<androidx.navigation.NavGraphBuilder, kotlin.Unit> origin=null
                        $composer: GET_VAR '$composer: androidx.compose.runtime.Composer? [assignable] declared in fr.mrantoine.franji.ComposableSingletons$MainActivityKt.<clinit>.<no name provided>.invoke' type=androidx.compose.runtime.Composer? origin=null
                        $changed: CONST Int type=kotlin.Int value=1769520
                        $default: CONST Int type=kotlin.Int value=412
                      WHEN type=kotlin.Unit origin=IF
                        BRANCH
                          if: CALL 'public final fun isTraceInProgress (): kotlin.Boolean declared in androidx.compose.runtime.ComposerKt' type=kotlin.Boolean origin=null
                          then: CALL 'public final fun traceEventEnd (): kotlin.Unit declared in androidx.compose.runtime.ComposerKt' type=kotlin.Unit origin=null
                  BRANCH
                    if: CONST Boolean type=kotlin.Boolean value=true
                    then: CALL 'public abstract fun skipToGroupEnd (): kotlin.Unit declared in androidx.compose.runtime.Composer' type=kotlin.Unit origin=null
                      $this: GET_VAR '$composer: androidx.compose.runtime.Composer? [assignable] declared in fr.mrantoine.franji.ComposableSingletons$MainActivityKt.<clinit>.<no name provided>.invoke' type=androidx.compose.runtime.Composer? origin=null
            FUN LOCAL_FUNCTION_FOR_LAMBDA name:invoke$lambda$2$lambda$1$lambda$0 visibility:private modality:FINAL <> (it:kotlin.Int) returnType:kotlin.Int
              VALUE_PARAMETER name:it index:0 type:kotlin.Int
              BLOCK_BODY
                RETURN type=kotlin.Nothing from='private final fun invoke$lambda$2$lambda$1$lambda$0 (it: kotlin.Int): kotlin.Int declared in fr.mrantoine.franji.ComposableSingletons$MainActivityKt.<clinit>.<no name provided>'
                  CONST Int type=kotlin.Int value=1000
            FUN LOCAL_FUNCTION_FOR_LAMBDA name:invoke$lambda$2$lambda$1 visibility:private modality:FINAL <> ($this$AnimatedNavHost:IrErrorType(null)) returnType:androidx.compose.animation.EnterTransition
              VALUE_PARAMETER name:$this$AnimatedNavHost index:0 type:IrErrorType(null)
              BLOCK_BODY
                RETURN type=kotlin.Nothing from='private final fun invoke$lambda$2$lambda$1 ($this$AnimatedNavHost: IrErrorType(null)): androidx.compose.animation.EnterTransition declared in fr.mrantoine.franji.ComposableSingletons$MainActivityKt.<clinit>.<no name provided>'
                  CALL 'public final fun plus (enter: androidx.compose.animation.EnterTransition): androidx.compose.animation.EnterTransition [operator] declared in androidx.compose.animation.EnterTransition' type=androidx.compose.animation.EnterTransition origin=PLUS
                    $this: CALL 'public final fun slideInHorizontally$default (animationSpec: androidx.compose.animation.core.FiniteAnimationSpec<androidx.compose.ui.unit.IntOffset>?, initialOffsetX: kotlin.Function1<@[ParameterName(name = "fullWidth")] kotlin.Int, kotlin.Int>?, $mask0: kotlin.Int, $handler: kotlin.Any?): androidx.compose.animation.EnterTransition declared in androidx.compose.animation.EnterExitTransitionKt' type=androidx.compose.animation.EnterTransition origin=DEFAULT_DISPATCH_CALL
                      animationSpec: COMPOSITE type=androidx.compose.animation.core.FiniteAnimationSpec<androidx.compose.ui.unit.IntOffset>? origin=DEFAULT_VALUE
                        CONST Null type=androidx.compose.animation.core.FiniteAnimationSpec<androidx.compose.ui.unit.IntOffset>? value=null
                      initialOffsetX: BLOCK type=kotlin.Function1<kotlin.Int, kotlin.Int> origin=LAMBDA
                        COMPOSITE type=kotlin.Unit origin=null
                        CALL 'public final fun <jvm-indy> <T> (dynamicCall: T of kotlin.jvm.internal.<jvm-indy>, bootstrapMethodHandle: kotlin.Any, vararg bootstrapMethodArguments: kotlin.Any): T of kotlin.jvm.internal.<jvm-indy> declared in kotlin.jvm.internal' type=kotlin.Function1<kotlin.Int, kotlin.Int> origin=null
                          <T>: kotlin.Function1<kotlin.Int, kotlin.Int>
                          dynamicCall: CALL 'public final fun invoke (): kotlin.Function1<kotlin.Int, kotlin.Int> declared in kotlin.jvm.internal.invokeDynamic' type=kotlin.Function1<kotlin.Int, kotlin.Int> origin=null
                          bootstrapMethodHandle: CALL 'public final fun <jvm-method-handle> (tag: kotlin.Int, owner: kotlin.String, name: kotlin.String, descriptor: kotlin.String, isInterface: kotlin.Boolean): kotlin.Any declared in kotlin.jvm.internal' type=kotlin.Any origin=null
                            tag: CONST Int type=kotlin.Int value=6
                            owner: CONST String type=kotlin.String value="java/lang/invoke/LambdaMetafactory"
                            name: CONST String type=kotlin.String value="metafactory"
                            descriptor: CONST String type=kotlin.String value="(Ljava/lang/invoke/MethodHandles$Lookup;Ljava/lang/String;Ljava/lang/invoke/MethodType;Ljava/lang/invoke/MethodType;Ljava/lang/invoke/MethodHandle;Ljava/lang/invoke/MethodType;)Ljava/lang/invoke/CallSite;"
                            isInterface: CONST Boolean type=kotlin.Boolean value=false
                          bootstrapMethodArguments: VARARG type=kotlin.Array<kotlin.Any> varargElementType=kotlin.Any
                            CALL 'public final fun <jvm-original-method-type> (method: kotlin.Any): kotlin.Any declared in kotlin.jvm.internal' type=kotlin.Any origin=null
                              method: RAW_FUNCTION_REFERENCE 'public abstract fun invoke (p1: P1 of kotlin.Function1): R of kotlin.Function1 [operator] declared in kotlin.Function1' type=kotlin.Any
                            RAW_FUNCTION_REFERENCE 'private final fun invoke$lambda$2$lambda$1$lambda$0 (it: kotlin.Int): kotlin.Int declared in fr.mrantoine.franji.ComposableSingletons$MainActivityKt.<clinit>.<no name provided>' type=kotlin.Any
                            CALL 'public final fun <jvm-original-method-type> (method: kotlin.Any): kotlin.Any declared in kotlin.jvm.internal' type=kotlin.Any origin=null
                              method: RAW_FUNCTION_REFERENCE 'public abstract fun invoke (p1: kotlin.Int?): kotlin.Int? [fake_override,operator] declared in kotlin.jvm.internal.invokeDynamic.<fake>' type=kotlin.Any
                      $mask0: CONST Int type=kotlin.Int value=1
                      $handler: CONST Null type=kotlin.Any? value=null
                    enter: CALL 'public final fun fadeIn$default (animationSpec: androidx.compose.animation.core.FiniteAnimationSpec<kotlin.Float>?, initialAlpha: kotlin.Float, $mask0: kotlin.Int, $handler: kotlin.Any?): androidx.compose.animation.EnterTransition declared in androidx.compose.animation.EnterExitTransitionKt' type=androidx.compose.animation.EnterTransition origin=DEFAULT_DISPATCH_CALL
                      animationSpec: COMPOSITE type=androidx.compose.animation.core.FiniteAnimationSpec<kotlin.Float>? origin=DEFAULT_VALUE
                        CONST Null type=androidx.compose.animation.core.FiniteAnimationSpec<kotlin.Float>? value=null
                      initialAlpha: COMPOSITE type=kotlin.Float origin=DEFAULT_VALUE
                        CONST Float type=kotlin.Float value=0.0
                      $mask0: CONST Int type=kotlin.Int value=3
                      $handler: CONST Null type=kotlin.Any? value=null
            FUN INLINE_LAMBDA name:invoke$lambda$2 visibility:private modality:FINAL <> () returnType:@[ExtensionFunctionType] kotlin.Function1<IrErrorType(null), androidx.compose.animation.EnterTransition>
              BLOCK_BODY
                VAR name:$i$a$-cache-ComposableSingletons$MainActivityKt$lambda-2$1$1 type:kotlin.Int [val]
                  CONST Int type=kotlin.Int value=0
                RETURN type=kotlin.Nothing from='private final fun invoke$lambda$2 (): @[ExtensionFunctionType] kotlin.Function1<IrErrorType(null), androidx.compose.animation.EnterTransition> declared in fr.mrantoine.franji.ComposableSingletons$MainActivityKt.<clinit>.<no name provided>'
                  BLOCK type=@[ExtensionFunctionType] kotlin.Function1<IrErrorType(null), androidx.compose.animation.EnterTransition> origin=LAMBDA
                    COMPOSITE type=kotlin.Unit origin=null
                    CALL 'public final fun <jvm-indy> <T> (dynamicCall: T of kotlin.jvm.internal.<jvm-indy>, bootstrapMethodHandle: kotlin.Any, vararg bootstrapMethodArguments: kotlin.Any): T of kotlin.jvm.internal.<jvm-indy> declared in kotlin.jvm.internal' type=@[ExtensionFunctionType] kotlin.Function1<IrErrorType(null), androidx.compose.animation.EnterTransition> origin=null
                      <T>: @[ExtensionFunctionType] kotlin.Function1<IrErrorType(null), androidx.compose.animation.EnterTransition>
                      dynamicCall: CALL 'public final fun invoke (): @[ExtensionFunctionType] kotlin.Function1<IrErrorType(null), androidx.compose.animation.EnterTransition> declared in kotlin.jvm.internal.invokeDynamic' type=@[ExtensionFunctionType] kotlin.Function1<IrErrorType(null), androidx.compose.animation.EnterTransition> origin=null
                      bootstrapMethodHandle: CALL 'public final fun <jvm-method-handle> (tag: kotlin.Int, owner: kotlin.String, name: kotlin.String, descriptor: kotlin.String, isInterface: kotlin.Boolean): kotlin.Any declared in kotlin.jvm.internal' type=kotlin.Any origin=null
                        tag: CONST Int type=kotlin.Int value=6
                        owner: CONST String type=kotlin.String value="java/lang/invoke/LambdaMetafactory"
                        name: CONST String type=kotlin.String value="metafactory"
                        descriptor: CONST String type=kotlin.String value="(Ljava/lang/invoke/MethodHandles$Lookup;Ljava/lang/String;Ljava/lang/invoke/MethodType;Ljava/lang/invoke/MethodType;Ljava/lang/invoke/MethodHandle;Ljava/lang/invoke/MethodType;)Ljava/lang/invoke/CallSite;"
                        isInterface: CONST Boolean type=kotlin.Boolean value=false
                      bootstrapMethodArguments: VARARG type=kotlin.Array<kotlin.Any> varargElementType=kotlin.Any
                        CALL 'public final fun <jvm-original-method-type> (method: kotlin.Any): kotlin.Any declared in kotlin.jvm.internal' type=kotlin.Any origin=null
                          method: RAW_FUNCTION_REFERENCE 'public abstract fun invoke (p1: P1 of kotlin.Function1): R of kotlin.Function1 [operator] declared in kotlin.Function1' type=kotlin.Any
                        RAW_FUNCTION_REFERENCE 'private final fun invoke$lambda$2$lambda$1 ($this$AnimatedNavHost: IrErrorType(null)): androidx.compose.animation.EnterTransition declared in fr.mrantoine.franji.ComposableSingletons$MainActivityKt.<clinit>.<no name provided>' type=kotlin.Any
                        CALL 'public final fun <jvm-original-method-type> (method: kotlin.Any): kotlin.Any declared in kotlin.jvm.internal' type=kotlin.Any origin=null
                          method: RAW_FUNCTION_REFERENCE 'public abstract fun invoke (p1: P1 of kotlin.Function1): androidx.compose.animation.EnterTransition [fake_override,operator] declared in kotlin.jvm.internal.invokeDynamic.<fake>' type=kotlin.Any
            FUN LOCAL_FUNCTION_FOR_LAMBDA name:invoke$lambda$5$lambda$4$lambda$3 visibility:private modality:FINAL <> (it:kotlin.Int) returnType:kotlin.Int
              VALUE_PARAMETER name:it index:0 type:kotlin.Int
              BLOCK_BODY
                RETURN type=kotlin.Nothing from='private final fun invoke$lambda$5$lambda$4$lambda$3 (it: kotlin.Int): kotlin.Int declared in fr.mrantoine.franji.ComposableSingletons$MainActivityKt.<clinit>.<no name provided>'
                  CONST Int type=kotlin.Int value=-1000
            FUN LOCAL_FUNCTION_FOR_LAMBDA name:invoke$lambda$5$lambda$4 visibility:private modality:FINAL <> ($this$AnimatedNavHost:IrErrorType(null)) returnType:androidx.compose.animation.ExitTransition
              VALUE_PARAMETER name:$this$AnimatedNavHost index:0 type:IrErrorType(null)
              BLOCK_BODY
                RETURN type=kotlin.Nothing from='private final fun invoke$lambda$5$lambda$4 ($this$AnimatedNavHost: IrErrorType(null)): androidx.compose.animation.ExitTransition declared in fr.mrantoine.franji.ComposableSingletons$MainActivityKt.<clinit>.<no name provided>'
                  CALL 'public final fun plus (exit: androidx.compose.animation.ExitTransition): androidx.compose.animation.ExitTransition [operator] declared in androidx.compose.animation.ExitTransition' type=androidx.compose.animation.ExitTransition origin=PLUS
                    $this: CALL 'public final fun slideOutHorizontally$default (animationSpec: androidx.compose.animation.core.FiniteAnimationSpec<androidx.compose.ui.unit.IntOffset>?, targetOffsetX: kotlin.Function1<@[ParameterName(name = "fullWidth")] kotlin.Int, kotlin.Int>?, $mask0: kotlin.Int, $handler: kotlin.Any?): androidx.compose.animation.ExitTransition declared in androidx.compose.animation.EnterExitTransitionKt' type=androidx.compose.animation.ExitTransition origin=DEFAULT_DISPATCH_CALL
                      animationSpec: COMPOSITE type=androidx.compose.animation.core.FiniteAnimationSpec<androidx.compose.ui.unit.IntOffset>? origin=DEFAULT_VALUE
                        CONST Null type=androidx.compose.animation.core.FiniteAnimationSpec<androidx.compose.ui.unit.IntOffset>? value=null
                      targetOffsetX: BLOCK type=kotlin.Function1<kotlin.Int, kotlin.Int> origin=LAMBDA
                        COMPOSITE type=kotlin.Unit origin=null
                        CALL 'public final fun <jvm-indy> <T> (dynamicCall: T of kotlin.jvm.internal.<jvm-indy>, bootstrapMethodHandle: kotlin.Any, vararg bootstrapMethodArguments: kotlin.Any): T of kotlin.jvm.internal.<jvm-indy> declared in kotlin.jvm.internal' type=kotlin.Function1<kotlin.Int, kotlin.Int> origin=null
                          <T>: kotlin.Function1<kotlin.Int, kotlin.Int>
                          dynamicCall: CALL 'public final fun invoke (): kotlin.Function1<kotlin.Int, kotlin.Int> declared in kotlin.jvm.internal.invokeDynamic' type=kotlin.Function1<kotlin.Int, kotlin.Int> origin=null
                          bootstrapMethodHandle: CALL 'public final fun <jvm-method-handle> (tag: kotlin.Int, owner: kotlin.String, name: kotlin.String, descriptor: kotlin.String, isInterface: kotlin.Boolean): kotlin.Any declared in kotlin.jvm.internal' type=kotlin.Any origin=null
                            tag: CONST Int type=kotlin.Int value=6
                            owner: CONST String type=kotlin.String value="java/lang/invoke/LambdaMetafactory"
                            name: CONST String type=kotlin.String value="metafactory"
                            descriptor: CONST String type=kotlin.String value="(Ljava/lang/invoke/MethodHandles$Lookup;Ljava/lang/String;Ljava/lang/invoke/MethodType;Ljava/lang/invoke/MethodType;Ljava/lang/invoke/MethodHandle;Ljava/lang/invoke/MethodType;)Ljava/lang/invoke/CallSite;"
                            isInterface: CONST Boolean type=kotlin.Boolean value=false
                          bootstrapMethodArguments: VARARG type=kotlin.Array<kotlin.Any> varargElementType=kotlin.Any
                            CALL 'public final fun <jvm-original-method-type> (method: kotlin.Any): kotlin.Any declared in kotlin.jvm.internal' type=kotlin.Any origin=null
                              method: RAW_FUNCTION_REFERENCE 'public abstract fun invoke (p1: P1 of kotlin.Function1): R of kotlin.Function1 [operator] declared in kotlin.Function1' type=kotlin.Any
                            RAW_FUNCTION_REFERENCE 'private final fun invoke$lambda$5$lambda$4$lambda$3 (it: kotlin.Int): kotlin.Int declared in fr.mrantoine.franji.ComposableSingletons$MainActivityKt.<clinit>.<no name provided>' type=kotlin.Any
                            CALL 'public final fun <jvm-original-method-type> (method: kotlin.Any): kotlin.Any declared in kotlin.jvm.internal' type=kotlin.Any origin=null
                              method: RAW_FUNCTION_REFERENCE 'public abstract fun invoke (p1: kotlin.Int?): kotlin.Int? [fake_override,operator] declared in kotlin.jvm.internal.invokeDynamic.<fake>' type=kotlin.Any
                      $mask0: CONST Int type=kotlin.Int value=1
                      $handler: CONST Null type=kotlin.Any? value=null
                    exit: CALL 'public final fun fadeOut$default (animationSpec: androidx.compose.animation.core.FiniteAnimationSpec<kotlin.Float>?, targetAlpha: kotlin.Float, $mask0: kotlin.Int, $handler: kotlin.Any?): androidx.compose.animation.ExitTransition declared in androidx.compose.animation.EnterExitTransitionKt' type=androidx.compose.animation.ExitTransition origin=DEFAULT_DISPATCH_CALL
                      animationSpec: COMPOSITE type=androidx.compose.animation.core.FiniteAnimationSpec<kotlin.Float>? origin=DEFAULT_VALUE
                        CONST Null type=androidx.compose.animation.core.FiniteAnimationSpec<kotlin.Float>? value=null
                      targetAlpha: COMPOSITE type=kotlin.Float origin=DEFAULT_VALUE
                        CONST Float type=kotlin.Float value=0.0
                      $mask0: CONST Int type=kotlin.Int value=3
                      $handler: CONST Null type=kotlin.Any? value=null
            FUN INLINE_LAMBDA name:invoke$lambda$5 visibility:private modality:FINAL <> () returnType:@[ExtensionFunctionType] kotlin.Function1<IrErrorType(null), androidx.compose.animation.ExitTransition>
              BLOCK_BODY
                VAR name:$i$a$-cache-ComposableSingletons$MainActivityKt$lambda-2$1$2 type:kotlin.Int [val]
                  CONST Int type=kotlin.Int value=0
                RETURN type=kotlin.Nothing from='private final fun invoke$lambda$5 (): @[ExtensionFunctionType] kotlin.Function1<IrErrorType(null), androidx.compose.animation.ExitTransition> declared in fr.mrantoine.franji.ComposableSingletons$MainActivityKt.<clinit>.<no name provided>'
                  BLOCK type=@[ExtensionFunctionType] kotlin.Function1<IrErrorType(null), androidx.compose.animation.ExitTransition> origin=LAMBDA
                    COMPOSITE type=kotlin.Unit origin=null
                    CALL 'public final fun <jvm-indy> <T> (dynamicCall: T of kotlin.jvm.internal.<jvm-indy>, bootstrapMethodHandle: kotlin.Any, vararg bootstrapMethodArguments: kotlin.Any): T of kotlin.jvm.internal.<jvm-indy> declared in kotlin.jvm.internal' type=@[ExtensionFunctionType] kotlin.Function1<IrErrorType(null), androidx.compose.animation.ExitTransition> origin=null
                      <T>: @[ExtensionFunctionType] kotlin.Function1<IrErrorType(null), androidx.compose.animation.ExitTransition>
                      dynamicCall: CALL 'public final fun invoke (): @[ExtensionFunctionType] kotlin.Function1<IrErrorType(null), androidx.compose.animation.ExitTransition> declared in kotlin.jvm.internal.invokeDynamic' type=@[ExtensionFunctionType] kotlin.Function1<IrErrorType(null), androidx.compose.animation.ExitTransition> origin=null
                      bootstrapMethodHandle: CALL 'public final fun <jvm-method-handle> (tag: kotlin.Int, owner: kotlin.String, name: kotlin.String, descriptor: kotlin.String, isInterface: kotlin.Boolean): kotlin.Any declared in kotlin.jvm.internal' type=kotlin.Any origin=null
                        tag: CONST Int type=kotlin.Int value=6
                        owner: CONST String type=kotlin.String value="java/lang/invoke/LambdaMetafactory"
                        name: CONST String type=kotlin.String value="metafactory"
                        descriptor: CONST String type=kotlin.String value="(Ljava/lang/invoke/MethodHandles$Lookup;Ljava/lang/String;Ljava/lang/invoke/MethodType;Ljava/lang/invoke/MethodType;Ljava/lang/invoke/MethodHandle;Ljava/lang/invoke/MethodType;)Ljava/lang/invoke/CallSite;"
                        isInterface: CONST Boolean type=kotlin.Boolean value=false
                      bootstrapMethodArguments: VARARG type=kotlin.Array<kotlin.Any> varargElementType=kotlin.Any
                        CALL 'public final fun <jvm-original-method-type> (method: kotlin.Any): kotlin.Any declared in kotlin.jvm.internal' type=kotlin.Any origin=null
                          method: RAW_FUNCTION_REFERENCE 'public abstract fun invoke (p1: P1 of kotlin.Function1): R of kotlin.Function1 [operator] declared in kotlin.Function1' type=kotlin.Any
                        RAW_FUNCTION_REFERENCE 'private final fun invoke$lambda$5$lambda$4 ($this$AnimatedNavHost: IrErrorType(null)): androidx.compose.animation.ExitTransition declared in fr.mrantoine.franji.ComposableSingletons$MainActivityKt.<clinit>.<no name provided>' type=kotlin.Any
                        CALL 'public final fun <jvm-original-method-type> (method: kotlin.Any): kotlin.Any declared in kotlin.jvm.internal' type=kotlin.Any origin=null
                          method: RAW_FUNCTION_REFERENCE 'public abstract fun invoke (p1: P1 of kotlin.Function1): androidx.compose.animation.ExitTransition [fake_override,operator] declared in kotlin.jvm.internal.invokeDynamic.<fake>' type=kotlin.Any
            FUN LOCAL_FUNCTION_FOR_LAMBDA name:invoke$lambda$7$lambda$6 visibility:private modality:FINAL <> ($navController:androidx.navigation.NavHostController, $this$AnimatedNavHost:androidx.navigation.NavGraphBuilder) returnType:kotlin.Unit?
              VALUE_PARAMETER BOUND_VALUE_PARAMETER name:$navController index:0 type:androidx.navigation.NavHostController
              VALUE_PARAMETER name:$this$AnimatedNavHost index:1 type:androidx.navigation.NavGraphBuilder
              BLOCK_BODY
                CALL 'public final fun composable$default (route: kotlin.String, arguments: kotlin.collections.List<androidx.navigation.NamedNavArgument>?, deepLinks: kotlin.collections.List<androidx.navigation.NavDeepLink>?, enterTransition: @[ExtensionFunctionType] kotlin.Function1<IrErrorType(null), androidx.compose.animation.EnterTransition?>?, exitTransition: @[ExtensionFunctionType] kotlin.Function1<IrErrorType(null), androidx.compose.animation.ExitTransition?>?, popEnterTransition: @[ExtensionFunctionType] kotlin.Function1<IrErrorType(null), androidx.compose.animation.EnterTransition?>?, popExitTransition: @[ExtensionFunctionType] kotlin.Function1<IrErrorType(null), androidx.compose.animation.ExitTransition?>?, content: @[ExtensionFunctionType] kotlin.Function4<androidx.compose.animation.AnimatedVisibilityScope, androidx.navigation.NavBackStackEntry, androidx.compose.runtime.Composer, kotlin.Int, kotlin.Unit>, $mask0: kotlin.Int, $handler: kotlin.Any?): kotlin.Unit declared in com.google.accompanist.navigation.animation.NavGraphBuilderKt' type=kotlin.Unit origin=DEFAULT_DISPATCH_CALL
                  $receiver: GET_VAR '$this$AnimatedNavHost: androidx.navigation.NavGraphBuilder declared in fr.mrantoine.franji.ComposableSingletons$MainActivityKt.<clinit>.<no name provided>.invoke$lambda$7$lambda$6' type=androidx.navigation.NavGraphBuilder origin=null
                  route: CONST String type=kotlin.String value="splash"
                  arguments: COMPOSITE type=kotlin.collections.List<androidx.navigation.NamedNavArgument>? origin=DEFAULT_VALUE
                    CONST Null type=kotlin.collections.List<androidx.navigation.NamedNavArgument>? value=null
                  deepLinks: COMPOSITE type=kotlin.collections.List<androidx.navigation.NavDeepLink>? origin=DEFAULT_VALUE
                    CONST Null type=kotlin.collections.List<androidx.navigation.NavDeepLink>? value=null
                  enterTransition: COMPOSITE type=@[ExtensionFunctionType] kotlin.Function1<IrErrorType(null), androidx.compose.animation.EnterTransition?>? origin=DEFAULT_VALUE
                    CONST Null type=@[ExtensionFunctionType] kotlin.Function1<IrErrorType(null), androidx.compose.animation.EnterTransition?>? value=null
                  exitTransition: COMPOSITE type=@[ExtensionFunctionType] kotlin.Function1<IrErrorType(null), androidx.compose.animation.ExitTransition?>? origin=DEFAULT_VALUE
                    CONST Null type=@[ExtensionFunctionType] kotlin.Function1<IrErrorType(null), androidx.compose.animation.ExitTransition?>? value=null
                  popEnterTransition: COMPOSITE type=@[ExtensionFunctionType] kotlin.Function1<IrErrorType(null), androidx.compose.animation.EnterTransition?>? origin=DEFAULT_VALUE
                    CONST Null type=@[ExtensionFunctionType] kotlin.Function1<IrErrorType(null), androidx.compose.animation.EnterTransition?>? value=null
                  popExitTransition: COMPOSITE type=@[ExtensionFunctionType] kotlin.Function1<IrErrorType(null), androidx.compose.animation.ExitTransition?>? origin=DEFAULT_VALUE
                    CONST Null type=@[ExtensionFunctionType] kotlin.Function1<IrErrorType(null), androidx.compose.animation.ExitTransition?>? value=null
                  content: CALL 'public final fun composableLambdaInstance (key: kotlin.Int, tracked: kotlin.Boolean, block: kotlin.Any): androidx.compose.runtime.internal.ComposableLambda declared in androidx.compose.runtime.internal.ComposableLambdaKt' type=androidx.compose.runtime.internal.ComposableLambda origin=null
                    key: CONST Int type=kotlin.Int value=-776969409
                    tracked: CONST Boolean type=kotlin.Boolean value=true
                    block: BLOCK type=fr.mrantoine.franji.ComposableSingletons$MainActivityKt.<clinit>.<no name provided>.invoke$lambda$7$lambda$6.<no name provided> origin=null
                      CLASS LAMBDA_IMPL CLASS name:<no name provided> modality:FINAL visibility:public/*package*/ superTypes:[kotlin.Any; kotlin.Function4<androidx.compose.animation.AnimatedVisibilityScope, androidx.navigation.NavBackStackEntry, androidx.compose.runtime.Composer, kotlin.Int, kotlin.Unit>]
                        $this: VALUE_PARAMETER INSTANCE_RECEIVER name:<this> type:fr.mrantoine.franji.ComposableSingletons$MainActivityKt.<clinit>.<no name provided>.invoke$lambda$7$lambda$6.<no name provided>
                        CONSTRUCTOR GENERATED_MEMBER_IN_CALLABLE_REFERENCE visibility:public/*package*/ <> ($navController:androidx.navigation.NavHostController) returnType:fr.mrantoine.franji.ComposableSingletons$MainActivityKt.<clinit>.<no name provided>.invoke$lambda$7$lambda$6.<no name provided> [primary]
                          VALUE_PARAMETER BOUND_VALUE_PARAMETER name:$navController index:0 type:androidx.navigation.NavHostController
                          BLOCK_BODY
                            SET_FIELD 'FIELD FIELD_FOR_CAPTURED_VALUE name:$navController type:androidx.navigation.NavHostController visibility:public/*package*/ [final] declared in fr.mrantoine.franji.ComposableSingletons$MainActivityKt.<clinit>.<no name provided>.invoke$lambda$7$lambda$6.<no name provided>' type=kotlin.Unit origin=INITIALIZER_OF_FIELD_FOR_CAPTURED_VALUE
                              receiver: GET_VAR '<this>: fr.mrantoine.franji.ComposableSingletons$MainActivityKt.<clinit>.<no name provided>.invoke$lambda$7$lambda$6.<no name provided> declared in fr.mrantoine.franji.ComposableSingletons$MainActivityKt.<clinit>.<no name provided>.invoke$lambda$7$lambda$6.<no name provided>' type=fr.mrantoine.franji.ComposableSingletons$MainActivityKt.<clinit>.<no name provided>.invoke$lambda$7$lambda$6.<no name provided> origin=null
                              value: GET_VAR '$navController: androidx.navigation.NavHostController declared in fr.mrantoine.franji.ComposableSingletons$MainActivityKt.<clinit>.<no name provided>.invoke$lambda$7$lambda$6.<no name provided>.<init>' type=androidx.navigation.NavHostController origin=null
                            DELEGATING_CONSTRUCTOR_CALL 'public constructor <init> () [primary] declared in kotlin.Any'
                            BLOCK type=kotlin.Unit origin=null
                        FUN name:invoke visibility:public modality:FINAL <> ($this:fr.mrantoine.franji.ComposableSingletons$MainActivityKt.<clinit>.<no name provided>.invoke$lambda$7$lambda$6.<no name provided>, $this$composable:androidx.compose.animation.AnimatedVisibilityScope, it:androidx.navigation.NavBackStackEntry, $composer:androidx.compose.runtime.Composer?, $changed:kotlin.Int) returnType:kotlin.Unit
                          annotations:
                            Composable
                            ComposableTarget(applier = "androidx.compose.ui.UiComposable")
                          overridden:
                            public abstract fun invoke (p1: P1 of kotlin.Function4, p2: P2 of kotlin.Function4, p3: P3 of kotlin.Function4, p4: P4 of kotlin.Function4): R of kotlin.Function4 [operator] declared in kotlin.Function4
                          $this: VALUE_PARAMETER INSTANCE_RECEIVER name:<this> type:fr.mrantoine.franji.ComposableSingletons$MainActivityKt.<clinit>.<no name provided>.invoke$lambda$7$lambda$6.<no name provided>
                          VALUE_PARAMETER name:$this$composable index:0 type:androidx.compose.animation.AnimatedVisibilityScope
                          VALUE_PARAMETER name:it index:1 type:androidx.navigation.NavBackStackEntry
                          VALUE_PARAMETER name:$composer index:2 type:androidx.compose.runtime.Composer? [assignable]
                          VALUE_PARAMETER name:$changed index:3 type:kotlin.Int
                          BLOCK_BODY
                            CALL 'public final fun sourceInformation (composer: androidx.compose.runtime.Composer, sourceInformation: kotlin.String): kotlin.Unit declared in androidx.compose.runtime.ComposerKt' type=kotlin.Unit origin=null
                              composer: GET_VAR '$composer: androidx.compose.runtime.Composer? [assignable] declared in fr.mrantoine.franji.ComposableSingletons$MainActivityKt.<clinit>.<no name provided>.invoke$lambda$7$lambda$6.<no name provided>.invoke' type=androidx.compose.runtime.Composer? origin=null
                              sourceInformation: CONST String type=kotlin.String value="C48@2198L159,47@2144L239:MainActivity.kt#hbl8mt"
                            COMPOSITE type=kotlin.Unit origin=null
                              WHEN type=kotlin.Unit origin=IF
                                BRANCH
                                  if: CALL 'public final fun isTraceInProgress (): kotlin.Boolean declared in androidx.compose.runtime.ComposerKt' type=kotlin.Boolean origin=null
                                  then: CALL 'public final fun traceEventStart (key: kotlin.Int, dirty1: kotlin.Int, dirty2: kotlin.Int, info: kotlin.String): kotlin.Unit declared in androidx.compose.runtime.ComposerKt' type=kotlin.Unit origin=null
                                    key: CONST Int type=kotlin.Int value=-776969409
                                    dirty1: GET_VAR '$changed: kotlin.Int declared in fr.mrantoine.franji.ComposableSingletons$MainActivityKt.<clinit>.<no name provided>.invoke$lambda$7$lambda$6.<no name provided>.invoke' type=kotlin.Int origin=null
                                    dirty2: CONST Int type=kotlin.Int value=-1
                                    info: CONST String type=kotlin.String value="fr.mrantoine.franji.ComposableSingletons$MainActivityKt.lambda-2.<anonymous>.<anonymous>.<anonymous>.<anonymous> (MainActivity.kt:47)"
                              CALL 'public final fun SplashScreen (onTimeout: kotlin.Function0<kotlin.Unit>?, $composer: androidx.compose.runtime.Composer?, $changed: kotlin.Int, $default: kotlin.Int): kotlin.Unit declared in fr.mrantoine.franji.ui.screens.auth.SplashScreenKt' type=kotlin.Unit origin=null
                                onTimeout: BLOCK type=kotlin.Function0<kotlin.Unit> origin=null
                                  BLOCK type=kotlin.Unit origin=null
                                    CALL 'public abstract fun startReplaceGroup (key: kotlin.Int): kotlin.Unit declared in androidx.compose.runtime.Composer' type=kotlin.Unit origin=null
                                      $this: GET_VAR '$composer: androidx.compose.runtime.Composer? [assignable] declared in fr.mrantoine.franji.ComposableSingletons$MainActivityKt.<clinit>.<no name provided>.invoke$lambda$7$lambda$6.<no name provided>.invoke' type=androidx.compose.runtime.Composer? origin=null
                                      key: CONST Int type=kotlin.Int value=1086196110
                                    CALL 'public final fun sourceInformation (composer: androidx.compose.runtime.Composer, sourceInformation: kotlin.String): kotlin.Unit declared in androidx.compose.runtime.ComposerKt' type=kotlin.Unit origin=null
                                      composer: GET_VAR '$composer: androidx.compose.runtime.Composer? [assignable] declared in fr.mrantoine.franji.ComposableSingletons$MainActivityKt.<clinit>.<no name provided>.invoke$lambda$7$lambda$6.<no name provided>.invoke' type=androidx.compose.runtime.Composer? origin=null
                                      sourceInformation: CONST String type=kotlin.String value="CC(remember):MainActivity.kt#9igjgp"
                                  VAR IR_TEMPORARY_VARIABLE name:tmp0_group type:kotlin.Function0<kotlin.Unit> [val]
                                    CALL 'public final fun cache <T> (invalid: kotlin.Boolean, block: @[DisallowComposableCalls] kotlin.Function0<T of androidx.compose.runtime.ComposerKt.cache>): T of androidx.compose.runtime.ComposerKt.cache [inline] declared in androidx.compose.runtime.ComposerKt' type=kotlin.Function0<kotlin.Unit> origin=null
                                      <T>: kotlin.Function0<kotlin.Unit>
                                      $receiver: GET_VAR '$composer: androidx.compose.runtime.Composer? [assignable] declared in fr.mrantoine.franji.ComposableSingletons$MainActivityKt.<clinit>.<no name provided>.invoke$lambda$7$lambda$6.<no name provided>.invoke' type=androidx.compose.runtime.Composer? origin=null
                                      invalid: CALL 'public open fun changedInstance (value: kotlin.Any?): kotlin.Boolean declared in androidx.compose.runtime.Composer' type=kotlin.Boolean origin=null
                                        $this: GET_VAR '$composer: androidx.compose.runtime.Composer? [assignable] declared in fr.mrantoine.franji.ComposableSingletons$MainActivityKt.<clinit>.<no name provided>.invoke$lambda$7$lambda$6.<no name provided>.invoke' type=androidx.compose.runtime.Composer? origin=null
                                        value: GET_FIELD 'FIELD FIELD_FOR_CAPTURED_VALUE name:$navController type:androidx.navigation.NavHostController visibility:public/*package*/ [final] declared in fr.mrantoine.franji.ComposableSingletons$MainActivityKt.<clinit>.<no name provided>.invoke$lambda$7$lambda$6.<no name provided>' type=androidx.navigation.NavHostController origin=null
                                          receiver: GET_VAR '<this>: fr.mrantoine.franji.ComposableSingletons$MainActivityKt.<clinit>.<no name provided>.invoke$lambda$7$lambda$6.<no name provided> declared in fr.mrantoine.franji.ComposableSingletons$MainActivityKt.<clinit>.<no name provided>.invoke$lambda$7$lambda$6.<no name provided>.invoke' type=fr.mrantoine.franji.ComposableSingletons$MainActivityKt.<clinit>.<no name provided>.invoke$lambda$7$lambda$6.<no name provided> origin=null
                                      block: BLOCK type=kotlin.Function0<kotlin.Function0<kotlin.Unit>> origin=LAMBDA
                                        COMPOSITE type=kotlin.Unit origin=null
                                        FUNCTION_REFERENCE 'private final fun invoke$lambda$3 ($navController: androidx.navigation.NavHostController): kotlin.Function0<kotlin.Unit> declared in fr.mrantoine.franji.ComposableSingletons$MainActivityKt.<clinit>.<no name provided>.invoke$lambda$7$lambda$6.<no name provided>' type=kotlin.Function0<kotlin.Function0<kotlin.Unit>> origin=INLINE_LAMBDA reflectionTarget=null
                                          $navController: GET_FIELD 'FIELD FIELD_FOR_CAPTURED_VALUE name:$navController type:androidx.navigation.NavHostController visibility:public/*package*/ [final] declared in fr.mrantoine.franji.ComposableSingletons$MainActivityKt.<clinit>.<no name provided>.invoke$lambda$7$lambda$6.<no name provided>' type=androidx.navigation.NavHostController origin=null
                                            receiver: GET_VAR '<this>: fr.mrantoine.franji.ComposableSingletons$MainActivityKt.<clinit>.<no name provided>.invoke$lambda$7$lambda$6.<no name provided> declared in fr.mrantoine.franji.ComposableSingletons$MainActivityKt.<clinit>.<no name provided>.invoke$lambda$7$lambda$6.<no name provided>.invoke' type=fr.mrantoine.franji.ComposableSingletons$MainActivityKt.<clinit>.<no name provided>.invoke$lambda$7$lambda$6.<no name provided> origin=null
                                  CALL 'public abstract fun endReplaceGroup (): kotlin.Unit declared in androidx.compose.runtime.Composer' type=kotlin.Unit origin=null
                                    $this: GET_VAR '$composer: androidx.compose.runtime.Composer? [assignable] declared in fr.mrantoine.franji.ComposableSingletons$MainActivityKt.<clinit>.<no name provided>.invoke$lambda$7$lambda$6.<no name provided>.invoke' type=androidx.compose.runtime.Composer? origin=null
                                  GET_VAR 'val tmp0_group: kotlin.Function0<kotlin.Unit> [val] declared in fr.mrantoine.franji.ComposableSingletons$MainActivityKt.<clinit>.<no name provided>.invoke$lambda$7$lambda$6.<no name provided>.invoke' type=kotlin.Function0<kotlin.Unit> origin=null
                                $composer: GET_VAR '$composer: androidx.compose.runtime.Composer? [assignable] declared in fr.mrantoine.franji.ComposableSingletons$MainActivityKt.<clinit>.<no name provided>.invoke$lambda$7$lambda$6.<no name provided>.invoke' type=androidx.compose.runtime.Composer? origin=null
                                $changed: CONST Int type=kotlin.Int value=0
                                $default: CONST Int type=kotlin.Int value=0
                              WHEN type=kotlin.Unit origin=IF
                                BRANCH
                                  if: CALL 'public final fun isTraceInProgress (): kotlin.Boolean declared in androidx.compose.runtime.ComposerKt' type=kotlin.Boolean origin=null
                                  then: CALL 'public final fun traceEventEnd (): kotlin.Unit declared in androidx.compose.runtime.ComposerKt' type=kotlin.Unit origin=null
                        FIELD FIELD_FOR_CAPTURED_VALUE name:$navController type:androidx.navigation.NavHostController visibility:public/*package*/ [final]
                        FUN LOCAL_FUNCTION_FOR_LAMBDA name:invoke$lambda$3$lambda$2$lambda$1$lambda$0 visibility:private modality:FINAL <> ($this$popUpTo:androidx.navigation.PopUpToBuilder) returnType:kotlin.Unit?
                          VALUE_PARAMETER name:$this$popUpTo index:0 type:androidx.navigation.PopUpToBuilder
                          BLOCK_BODY
                            CALL 'public final fun <set-inclusive> (value: kotlin.Boolean): kotlin.Unit declared in androidx.navigation.PopUpToBuilder' type=kotlin.Unit origin=EQ
                              $this: GET_VAR '$this$popUpTo: androidx.navigation.PopUpToBuilder declared in fr.mrantoine.franji.ComposableSingletons$MainActivityKt.<clinit>.<no name provided>.invoke$lambda$7$lambda$6.<no name provided>.invoke$lambda$3$lambda$2$lambda$1$lambda$0' type=androidx.navigation.PopUpToBuilder origin=null
                              value: CONST Boolean type=kotlin.Boolean value=true
                        FUN LOCAL_FUNCTION_FOR_LAMBDA name:invoke$lambda$3$lambda$2$lambda$1 visibility:private modality:FINAL <> ($this$navigate:androidx.navigation.NavOptionsBuilder) returnType:kotlin.Unit?
                          VALUE_PARAMETER name:$this$navigate index:0 type:androidx.navigation.NavOptionsBuilder
                          BLOCK_BODY
                            CALL 'public final fun popUpTo (route: kotlin.String, popUpToBuilder: @[ExtensionFunctionType] kotlin.Function1<androidx.navigation.PopUpToBuilder, kotlin.Unit>): kotlin.Unit declared in androidx.navigation.NavOptionsBuilder' type=kotlin.Unit origin=null
                              $this: GET_VAR '$this$navigate: androidx.navigation.NavOptionsBuilder declared in fr.mrantoine.franji.ComposableSingletons$MainActivityKt.<clinit>.<no name provided>.invoke$lambda$7$lambda$6.<no name provided>.invoke$lambda$3$lambda$2$lambda$1' type=androidx.navigation.NavOptionsBuilder origin=null
                              route: CONST String type=kotlin.String value="splash"
                              popUpToBuilder: BLOCK type=@[ExtensionFunctionType] kotlin.Function1<androidx.navigation.PopUpToBuilder, kotlin.Unit> origin=LAMBDA
                                COMPOSITE type=kotlin.Unit origin=null
                                CALL 'public final fun <jvm-indy> <T> (dynamicCall: T of kotlin.jvm.internal.<jvm-indy>, bootstrapMethodHandle: kotlin.Any, vararg bootstrapMethodArguments: kotlin.Any): T of kotlin.jvm.internal.<jvm-indy> declared in kotlin.jvm.internal' type=@[ExtensionFunctionType] kotlin.Function1<androidx.navigation.PopUpToBuilder, kotlin.Unit> origin=null
                                  <T>: @[ExtensionFunctionType] kotlin.Function1<androidx.navigation.PopUpToBuilder, kotlin.Unit>
                                  dynamicCall: CALL 'public final fun invoke (): @[ExtensionFunctionType] kotlin.Function1<androidx.navigation.PopUpToBuilder, kotlin.Unit> declared in kotlin.jvm.internal.invokeDynamic' type=@[ExtensionFunctionType] kotlin.Function1<androidx.navigation.PopUpToBuilder, kotlin.Unit> origin=null
                                  bootstrapMethodHandle: CALL 'public final fun <jvm-method-handle> (tag: kotlin.Int, owner: kotlin.String, name: kotlin.String, descriptor: kotlin.String, isInterface: kotlin.Boolean): kotlin.Any declared in kotlin.jvm.internal' type=kotlin.Any origin=null
                                    tag: CONST Int type=kotlin.Int value=6
                                    owner: CONST String type=kotlin.String value="java/lang/invoke/LambdaMetafactory"
                                    name: CONST String type=kotlin.String value="metafactory"
                                    descriptor: CONST String type=kotlin.String value="(Ljava/lang/invoke/MethodHandles$Lookup;Ljava/lang/String;Ljava/lang/invoke/MethodType;Ljava/lang/invoke/MethodType;Ljava/lang/invoke/MethodHandle;Ljava/lang/invoke/MethodType;)Ljava/lang/invoke/CallSite;"
                                    isInterface: CONST Boolean type=kotlin.Boolean value=false
                                  bootstrapMethodArguments: VARARG type=kotlin.Array<kotlin.Any> varargElementType=kotlin.Any
                                    CALL 'public final fun <jvm-original-method-type> (method: kotlin.Any): kotlin.Any declared in kotlin.jvm.internal' type=kotlin.Any origin=null
                                      method: RAW_FUNCTION_REFERENCE 'public abstract fun invoke (p1: P1 of kotlin.Function1): R of kotlin.Function1 [operator] declared in kotlin.Function1' type=kotlin.Any
                                    RAW_FUNCTION_REFERENCE 'private final fun invoke$lambda$3$lambda$2$lambda$1$lambda$0 ($this$popUpTo: androidx.navigation.PopUpToBuilder): kotlin.Unit? declared in fr.mrantoine.franji.ComposableSingletons$MainActivityKt.<clinit>.<no name provided>.invoke$lambda$7$lambda$6.<no name provided>' type=kotlin.Any
                                    CALL 'public final fun <jvm-original-method-type> (method: kotlin.Any): kotlin.Any declared in kotlin.jvm.internal' type=kotlin.Any origin=null
                                      method: RAW_FUNCTION_REFERENCE 'public abstract fun invoke (p1: androidx.navigation.PopUpToBuilder): kotlin.Unit? [fake_override,operator] declared in kotlin.jvm.internal.invokeDynamic.<fake>' type=kotlin.Any
                        FUN LOCAL_FUNCTION_FOR_LAMBDA name:invoke$lambda$3$lambda$2 visibility:private modality:FINAL <> ($navController:androidx.navigation.NavHostController) returnType:kotlin.Unit?
                          VALUE_PARAMETER BOUND_VALUE_PARAMETER name:$navController index:0 type:androidx.navigation.NavHostController
                          BLOCK_BODY
                            CALL 'public final fun navigate (route: kotlin.String, builder: @[ExtensionFunctionType] kotlin.Function1<androidx.navigation.NavOptionsBuilder, kotlin.Unit>): kotlin.Unit [fake_override] declared in androidx.navigation.NavHostController' type=kotlin.Unit origin=null
                              $this: GET_VAR '$navController: androidx.navigation.NavHostController declared in fr.mrantoine.franji.ComposableSingletons$MainActivityKt.<clinit>.<no name provided>.invoke$lambda$7$lambda$6.<no name provided>.invoke$lambda$3$lambda$2' type=androidx.navigation.NavHostController origin=null
                              route: CONST String type=kotlin.String value="welcome"
                              builder: BLOCK type=@[ExtensionFunctionType] kotlin.Function1<androidx.navigation.NavOptionsBuilder, kotlin.Unit> origin=LAMBDA
                                COMPOSITE type=kotlin.Unit origin=null
                                CALL 'public final fun <jvm-indy> <T> (dynamicCall: T of kotlin.jvm.internal.<jvm-indy>, bootstrapMethodHandle: kotlin.Any, vararg bootstrapMethodArguments: kotlin.Any): T of kotlin.jvm.internal.<jvm-indy> declared in kotlin.jvm.internal' type=@[ExtensionFunctionType] kotlin.Function1<androidx.navigation.NavOptionsBuilder, kotlin.Unit> origin=null
                                  <T>: @[ExtensionFunctionType] kotlin.Function1<androidx.navigation.NavOptionsBuilder, kotlin.Unit>
                                  dynamicCall: CALL 'public final fun invoke (): @[ExtensionFunctionType] kotlin.Function1<androidx.navigation.NavOptionsBuilder, kotlin.Unit> declared in kotlin.jvm.internal.invokeDynamic' type=@[ExtensionFunctionType] kotlin.Function1<androidx.navigation.NavOptionsBuilder, kotlin.Unit> origin=null
                                  bootstrapMethodHandle: CALL 'public final fun <jvm-method-handle> (tag: kotlin.Int, owner: kotlin.String, name: kotlin.String, descriptor: kotlin.String, isInterface: kotlin.Boolean): kotlin.Any declared in kotlin.jvm.internal' type=kotlin.Any origin=null
                                    tag: CONST Int type=kotlin.Int value=6
                                    owner: CONST String type=kotlin.String value="java/lang/invoke/LambdaMetafactory"
                                    name: CONST String type=kotlin.String value="metafactory"
                                    descriptor: CONST String type=kotlin.String value="(Ljava/lang/invoke/MethodHandles$Lookup;Ljava/lang/String;Ljava/lang/invoke/MethodType;Ljava/lang/invoke/MethodType;Ljava/lang/invoke/MethodHandle;Ljava/lang/invoke/MethodType;)Ljava/lang/invoke/CallSite;"
                                    isInterface: CONST Boolean type=kotlin.Boolean value=false
                                  bootstrapMethodArguments: VARARG type=kotlin.Array<kotlin.Any> varargElementType=kotlin.Any
                                    CALL 'public final fun <jvm-original-method-type> (method: kotlin.Any): kotlin.Any declared in kotlin.jvm.internal' type=kotlin.Any origin=null
                                      method: RAW_FUNCTION_REFERENCE 'public abstract fun invoke (p1: P1 of kotlin.Function1): R of kotlin.Function1 [operator] declared in kotlin.Function1' type=kotlin.Any
                                    RAW_FUNCTION_REFERENCE 'private final fun invoke$lambda$3$lambda$2$lambda$1 ($this$navigate: androidx.navigation.NavOptionsBuilder): kotlin.Unit? declared in fr.mrantoine.franji.ComposableSingletons$MainActivityKt.<clinit>.<no name provided>.invoke$lambda$7$lambda$6.<no name provided>' type=kotlin.Any
                                    CALL 'public final fun <jvm-original-method-type> (method: kotlin.Any): kotlin.Any declared in kotlin.jvm.internal' type=kotlin.Any origin=null
                                      method: RAW_FUNCTION_REFERENCE 'public abstract fun invoke (p1: androidx.navigation.NavOptionsBuilder): kotlin.Unit? [fake_override,operator] declared in kotlin.jvm.internal.invokeDynamic.<fake>' type=kotlin.Any
                        FUN INLINE_LAMBDA name:invoke$lambda$3 visibility:private modality:FINAL <> ($navController:androidx.navigation.NavHostController) returnType:kotlin.Function0<kotlin.Unit>
                          VALUE_PARAMETER BOUND_VALUE_PARAMETER name:$navController index:0 type:androidx.navigation.NavHostController
                          BLOCK_BODY
                            VAR name:$i$a$-cache-ComposableSingletons$MainActivityKt$lambda-2$1$3$1$1$1 type:kotlin.Int [val]
                              CONST Int type=kotlin.Int value=0
                            RETURN type=kotlin.Nothing from='private final fun invoke$lambda$3 ($navController: androidx.navigation.NavHostController): kotlin.Function0<kotlin.Unit> declared in fr.mrantoine.franji.ComposableSingletons$MainActivityKt.<clinit>.<no name provided>.invoke$lambda$7$lambda$6.<no name provided>'
                              BLOCK type=kotlin.Function0<kotlin.Unit> origin=LAMBDA
                                COMPOSITE type=kotlin.Unit origin=null
                                CALL 'public final fun <jvm-indy> <T> (dynamicCall: T of kotlin.jvm.internal.<jvm-indy>, bootstrapMethodHandle: kotlin.Any, vararg bootstrapMethodArguments: kotlin.Any): T of kotlin.jvm.internal.<jvm-indy> declared in kotlin.jvm.internal' type=kotlin.Function0<kotlin.Unit> origin=null
                                  <T>: kotlin.Function0<kotlin.Unit>
                                  dynamicCall: CALL 'public final fun invoke (p0: androidx.navigation.NavHostController): kotlin.Function0<kotlin.Unit> declared in kotlin.jvm.internal.invokeDynamic' type=kotlin.Function0<kotlin.Unit> origin=null
                                    p0: GET_VAR '$navController: androidx.navigation.NavHostController declared in fr.mrantoine.franji.ComposableSingletons$MainActivityKt.<clinit>.<no name provided>.invoke$lambda$7$lambda$6.<no name provided>.invoke$lambda$3' type=androidx.navigation.NavHostController origin=null
                                  bootstrapMethodHandle: CALL 'public final fun <jvm-method-handle> (tag: kotlin.Int, owner: kotlin.String, name: kotlin.String, descriptor: kotlin.String, isInterface: kotlin.Boolean): kotlin.Any declared in kotlin.jvm.internal' type=kotlin.Any origin=null
                                    tag: CONST Int type=kotlin.Int value=6
                                    owner: CONST String type=kotlin.String value="java/lang/invoke/LambdaMetafactory"
                                    name: CONST String type=kotlin.String value="metafactory"
                                    descriptor: CONST String type=kotlin.String value="(Ljava/lang/invoke/MethodHandles$Lookup;Ljava/lang/String;Ljava/lang/invoke/MethodType;Ljava/lang/invoke/MethodType;Ljava/lang/invoke/MethodHandle;Ljava/lang/invoke/MethodType;)Ljava/lang/invoke/CallSite;"
                                    isInterface: CONST Boolean type=kotlin.Boolean value=false
                                  bootstrapMethodArguments: VARARG type=kotlin.Array<kotlin.Any> varargElementType=kotlin.Any
                                    CALL 'public final fun <jvm-original-method-type> (method: kotlin.Any): kotlin.Any declared in kotlin.jvm.internal' type=kotlin.Any origin=null
                                      method: RAW_FUNCTION_REFERENCE 'public abstract fun invoke (): R of kotlin.Function0 [operator] declared in kotlin.Function0' type=kotlin.Any
                                    RAW_FUNCTION_REFERENCE 'private final fun invoke$lambda$3$lambda$2 ($navController: androidx.navigation.NavHostController): kotlin.Unit? declared in fr.mrantoine.franji.ComposableSingletons$MainActivityKt.<clinit>.<no name provided>.invoke$lambda$7$lambda$6.<no name provided>' type=kotlin.Any
                                    CALL 'public final fun <jvm-original-method-type> (method: kotlin.Any): kotlin.Any declared in kotlin.jvm.internal' type=kotlin.Any origin=null
                                      method: RAW_FUNCTION_REFERENCE 'public abstract fun invoke (): kotlin.Unit? [fake_override,operator] declared in kotlin.jvm.internal.invokeDynamic.<fake>' type=kotlin.Any
                        FUN BRIDGE name:invoke visibility:public modality:OPEN <> ($this:fr.mrantoine.franji.ComposableSingletons$MainActivityKt.<clinit>.<no name provided>.invoke$lambda$7$lambda$6.<no name provided>, p1:kotlin.Any?, p2:kotlin.Any?, p3:kotlin.Any?, p4:kotlin.Any?) returnType:kotlin.Any?
                          $this: VALUE_PARAMETER INSTANCE_RECEIVER name:<this> type:fr.mrantoine.franji.ComposableSingletons$MainActivityKt.<clinit>.<no name provided>.invoke$lambda$7$lambda$6.<no name provided>
                          VALUE_PARAMETER BRIDGE name:p1 index:0 type:kotlin.Any?
                          VALUE_PARAMETER BRIDGE name:p2 index:1 type:kotlin.Any?
                          VALUE_PARAMETER BRIDGE name:p3 index:2 type:kotlin.Any?
                          VALUE_PARAMETER BRIDGE name:p4 index:3 type:kotlin.Any?
                          EXPRESSION_BODY
                            RETURN type=kotlin.Nothing from='public open fun invoke (p1: kotlin.Any?, p2: kotlin.Any?, p3: kotlin.Any?, p4: kotlin.Any?): kotlin.Any? declared in fr.mrantoine.franji.ComposableSingletons$MainActivityKt.<clinit>.<no name provided>.invoke$lambda$7$lambda$6.<no name provided>'
                              CALL 'public final fun invoke ($this$composable: androidx.compose.animation.AnimatedVisibilityScope, it: androidx.navigation.NavBackStackEntry, $composer: androidx.compose.runtime.Composer?, $changed: kotlin.Int): kotlin.Unit declared in fr.mrantoine.franji.ComposableSingletons$MainActivityKt.<clinit>.<no name provided>.invoke$lambda$7$lambda$6.<no name provided>' type=kotlin.Unit origin=BRIDGE_DELEGATION
                                $this: GET_VAR '<this>: fr.mrantoine.franji.ComposableSingletons$MainActivityKt.<clinit>.<no name provided>.invoke$lambda$7$lambda$6.<no name provided> declared in fr.mrantoine.franji.ComposableSingletons$MainActivityKt.<clinit>.<no name provided>.invoke$lambda$7$lambda$6.<no name provided>.invoke' type=fr.mrantoine.franji.ComposableSingletons$MainActivityKt.<clinit>.<no name provided>.invoke$lambda$7$lambda$6.<no name provided> origin=null
                                $this$composable: TYPE_OP type=androidx.compose.animation.AnimatedVisibilityScope origin=IMPLICIT_CAST typeOperand=androidx.compose.animation.AnimatedVisibilityScope
                                  GET_VAR 'p1: kotlin.Any? declared in fr.mrantoine.franji.ComposableSingletons$MainActivityKt.<clinit>.<no name provided>.invoke$lambda$7$lambda$6.<no name provided>.invoke' type=kotlin.Any? origin=null
                                it: TYPE_OP type=androidx.navigation.NavBackStackEntry origin=IMPLICIT_CAST typeOperand=androidx.navigation.NavBackStackEntry
                                  GET_VAR 'p2: kotlin.Any? declared in fr.mrantoine.franji.ComposableSingletons$MainActivityKt.<clinit>.<no name provided>.invoke$lambda$7$lambda$6.<no name provided>.invoke' type=kotlin.Any? origin=null
                                $composer: TYPE_OP type=androidx.compose.runtime.Composer origin=IMPLICIT_CAST typeOperand=androidx.compose.runtime.Composer
                                  GET_VAR 'p3: kotlin.Any? declared in fr.mrantoine.franji.ComposableSingletons$MainActivityKt.<clinit>.<no name provided>.invoke$lambda$7$lambda$6.<no name provided>.invoke' type=kotlin.Any? origin=null
                                $changed: TYPE_OP type=kotlin.Int origin=IMPLICIT_CAST typeOperand=kotlin.Int
                                  GET_VAR 'p4: kotlin.Any? declared in fr.mrantoine.franji.ComposableSingletons$MainActivityKt.<clinit>.<no name provided>.invoke$lambda$7$lambda$6.<no name provided>.invoke' type=kotlin.Any? origin=null
                      CONSTRUCTOR_CALL 'public/*package*/ constructor <init> ($navController: androidx.navigation.NavHostController) [primary] declared in fr.mrantoine.franji.ComposableSingletons$MainActivityKt.<clinit>.<no name provided>.invoke$lambda$7$lambda$6.<no name provided>' type=fr.mrantoine.franji.ComposableSingletons$MainActivityKt.<clinit>.<no name provided>.invoke$lambda$7$lambda$6.<no name provided> origin=null
                        $navController: GET_VAR '$navController: androidx.navigation.NavHostController declared in fr.mrantoine.franji.ComposableSingletons$MainActivityKt.<clinit>.<no name provided>.invoke$lambda$7$lambda$6' type=androidx.navigation.NavHostController origin=null
                  $mask0: CONST Int type=kotlin.Int value=126
                  $handler: CONST Null type=kotlin.Any? value=null
                CALL 'public final fun composable$default (route: kotlin.String, arguments: kotlin.collections.List<androidx.navigation.NamedNavArgument>?, deepLinks: kotlin.collections.List<androidx.navigation.NavDeepLink>?, enterTransition: @[ExtensionFunctionType] kotlin.Function1<IrErrorType(null), androidx.compose.animation.EnterTransition?>?, exitTransition: @[ExtensionFunctionType] kotlin.Function1<IrErrorType(null), androidx.compose.animation.ExitTransition?>?, popEnterTransition: @[ExtensionFunctionType] kotlin.Function1<IrErrorType(null), androidx.compose.animation.EnterTransition?>?, popExitTransition: @[ExtensionFunctionType] kotlin.Function1<IrErrorType(null), androidx.compose.animation.ExitTransition?>?, content: @[ExtensionFunctionType] kotlin.Function4<androidx.compose.animation.AnimatedVisibilityScope, androidx.navigation.NavBackStackEntry, androidx.compose.runtime.Composer, kotlin.Int, kotlin.Unit>, $mask0: kotlin.Int, $handler: kotlin.Any?): kotlin.Unit declared in com.google.accompanist.navigation.animation.NavGraphBuilderKt' type=kotlin.Unit origin=DEFAULT_DISPATCH_CALL
                  $receiver: GET_VAR '$this$AnimatedNavHost: androidx.navigation.NavGraphBuilder declared in fr.mrantoine.franji.ComposableSingletons$MainActivityKt.<clinit>.<no name provided>.invoke$lambda$7$lambda$6' type=androidx.navigation.NavGraphBuilder origin=null
                  route: CONST String type=kotlin.String value="welcome"
                  arguments: COMPOSITE type=kotlin.collections.List<androidx.navigation.NamedNavArgument>? origin=DEFAULT_VALUE
                    CONST Null type=kotlin.collections.List<androidx.navigation.NamedNavArgument>? value=null
                  deepLinks: COMPOSITE type=kotlin.collections.List<androidx.navigation.NavDeepLink>? origin=DEFAULT_VALUE
                    CONST Null type=kotlin.collections.List<androidx.navigation.NavDeepLink>? value=null
                  enterTransition: COMPOSITE type=@[ExtensionFunctionType] kotlin.Function1<IrErrorType(null), androidx.compose.animation.EnterTransition?>? origin=DEFAULT_VALUE
                    CONST Null type=@[ExtensionFunctionType] kotlin.Function1<IrErrorType(null), androidx.compose.animation.EnterTransition?>? value=null
                  exitTransition: COMPOSITE type=@[ExtensionFunctionType] kotlin.Function1<IrErrorType(null), androidx.compose.animation.ExitTransition?>? origin=DEFAULT_VALUE
                    CONST Null type=@[ExtensionFunctionType] kotlin.Function1<IrErrorType(null), androidx.compose.animation.ExitTransition?>? value=null
                  popEnterTransition: COMPOSITE type=@[ExtensionFunctionType] kotlin.Function1<IrErrorType(null), androidx.compose.animation.EnterTransition?>? origin=DEFAULT_VALUE
                    CONST Null type=@[ExtensionFunctionType] kotlin.Function1<IrErrorType(null), androidx.compose.animation.EnterTransition?>? value=null
                  popExitTransition: COMPOSITE type=@[ExtensionFunctionType] kotlin.Function1<IrErrorType(null), androidx.compose.animation.ExitTransition?>? origin=DEFAULT_VALUE
                    CONST Null type=@[ExtensionFunctionType] kotlin.Function1<IrErrorType(null), androidx.compose.animation.ExitTransition?>? value=null
                  content: CALL 'public final fun composableLambdaInstance (key: kotlin.Int, tracked: kotlin.Boolean, block: kotlin.Any): androidx.compose.runtime.internal.ComposableLambda declared in androidx.compose.runtime.internal.ComposableLambdaKt' type=androidx.compose.runtime.internal.ComposableLambda origin=null
                    key: CONST Int type=kotlin.Int value=-1611670808
                    tracked: CONST Boolean type=kotlin.Boolean value=true
                    block: BLOCK type=fr.mrantoine.franji.ComposableSingletons$MainActivityKt.<clinit>.<no name provided>.invoke$lambda$7$lambda$6.<no name provided> origin=null
                      CLASS LAMBDA_IMPL CLASS name:<no name provided> modality:FINAL visibility:public/*package*/ superTypes:[kotlin.Any; kotlin.Function4<androidx.compose.animation.AnimatedVisibilityScope, androidx.navigation.NavBackStackEntry, androidx.compose.runtime.Composer, kotlin.Int, kotlin.Unit>]
                        $this: VALUE_PARAMETER INSTANCE_RECEIVER name:<this> type:fr.mrantoine.franji.ComposableSingletons$MainActivityKt.<clinit>.<no name provided>.invoke$lambda$7$lambda$6.<no name provided>
                        CONSTRUCTOR GENERATED_MEMBER_IN_CALLABLE_REFERENCE visibility:public/*package*/ <> ($navController:androidx.navigation.NavHostController) returnType:fr.mrantoine.franji.ComposableSingletons$MainActivityKt.<clinit>.<no name provided>.invoke$lambda$7$lambda$6.<no name provided> [primary]
                          VALUE_PARAMETER BOUND_VALUE_PARAMETER name:$navController index:0 type:androidx.navigation.NavHostController
                          BLOCK_BODY
                            SET_FIELD 'FIELD FIELD_FOR_CAPTURED_VALUE name:$navController type:androidx.navigation.NavHostController visibility:public/*package*/ [final] declared in fr.mrantoine.franji.ComposableSingletons$MainActivityKt.<clinit>.<no name provided>.invoke$lambda$7$lambda$6.<no name provided>' type=kotlin.Unit origin=INITIALIZER_OF_FIELD_FOR_CAPTURED_VALUE
                              receiver: GET_VAR '<this>: fr.mrantoine.franji.ComposableSingletons$MainActivityKt.<clinit>.<no name provided>.invoke$lambda$7$lambda$6.<no name provided> declared in fr.mrantoine.franji.ComposableSingletons$MainActivityKt.<clinit>.<no name provided>.invoke$lambda$7$lambda$6.<no name provided>' type=fr.mrantoine.franji.ComposableSingletons$MainActivityKt.<clinit>.<no name provided>.invoke$lambda$7$lambda$6.<no name provided> origin=null
                              value: GET_VAR '$navController: androidx.navigation.NavHostController declared in fr.mrantoine.franji.ComposableSingletons$MainActivityKt.<clinit>.<no name provided>.invoke$lambda$7$lambda$6.<no name provided>.<init>' type=androidx.navigation.NavHostController origin=null
                            DELEGATING_CONSTRUCTOR_CALL 'public constructor <init> () [primary] declared in kotlin.Any'
                            BLOCK type=kotlin.Unit origin=null
                        FUN name:invoke visibility:public modality:FINAL <> ($this:fr.mrantoine.franji.ComposableSingletons$MainActivityKt.<clinit>.<no name provided>.invoke$lambda$7$lambda$6.<no name provided>, $this$composable:androidx.compose.animation.AnimatedVisibilityScope, it:androidx.navigation.NavBackStackEntry, $composer:androidx.compose.runtime.Composer?, $changed:kotlin.Int) returnType:kotlin.Unit
                          annotations:
                            Composable
                            ComposableTarget(applier = "androidx.compose.ui.UiComposable")
                          overridden:
                            public abstract fun invoke (p1: P1 of kotlin.Function4, p2: P2 of kotlin.Function4, p3: P3 of kotlin.Function4, p4: P4 of kotlin.Function4): R of kotlin.Function4 [operator] declared in kotlin.Function4
                          $this: VALUE_PARAMETER INSTANCE_RECEIVER name:<this> type:fr.mrantoine.franji.ComposableSingletons$MainActivityKt.<clinit>.<no name provided>.invoke$lambda$7$lambda$6.<no name provided>
                          VALUE_PARAMETER name:$this$composable index:0 type:androidx.compose.animation.AnimatedVisibilityScope
                          VALUE_PARAMETER name:it index:1 type:androidx.navigation.NavBackStackEntry
                          VALUE_PARAMETER name:$composer index:2 type:androidx.compose.runtime.Composer? [assignable]
                          VALUE_PARAMETER name:$changed index:3 type:kotlin.Int
                          BLOCK_BODY
                            CALL 'public final fun sourceInformation (composer: androidx.compose.runtime.Composer, sourceInformation: kotlin.String): kotlin.Unit declared in androidx.compose.runtime.ComposerKt' type=kotlin.Unit origin=null
                              composer: GET_VAR '$composer: androidx.compose.runtime.Composer? [assignable] declared in fr.mrantoine.franji.ComposableSingletons$MainActivityKt.<clinit>.<no name provided>.invoke$lambda$7$lambda$6.<no name provided>.invoke' type=androidx.compose.runtime.Composer? origin=null
                              sourceInformation: CONST String type=kotlin.String value="C55@2542L72,56@2659L70,54@2483L272:MainActivity.kt#hbl8mt"
                            COMPOSITE type=kotlin.Unit origin=null
                              WHEN type=kotlin.Unit origin=IF
                                BRANCH
                                  if: CALL 'public final fun isTraceInProgress (): kotlin.Boolean declared in androidx.compose.runtime.ComposerKt' type=kotlin.Boolean origin=null
                                  then: CALL 'public final fun traceEventStart (key: kotlin.Int, dirty1: kotlin.Int, dirty2: kotlin.Int, info: kotlin.String): kotlin.Unit declared in androidx.compose.runtime.ComposerKt' type=kotlin.Unit origin=null
                                    key: CONST Int type=kotlin.Int value=-1611670808
                                    dirty1: GET_VAR '$changed: kotlin.Int declared in fr.mrantoine.franji.ComposableSingletons$MainActivityKt.<clinit>.<no name provided>.invoke$lambda$7$lambda$6.<no name provided>.invoke' type=kotlin.Int origin=null
                                    dirty2: CONST Int type=kotlin.Int value=-1
                                    info: CONST String type=kotlin.String value="fr.mrantoine.franji.ComposableSingletons$MainActivityKt.lambda-2.<anonymous>.<anonymous>.<anonymous>.<anonymous> (MainActivity.kt:54)"
                              CALL 'public final fun WelcomeScreen (onSignUpClick: kotlin.Function0<kotlin.Unit>?, onLoginClick: kotlin.Function0<kotlin.Unit>?, $composer: androidx.compose.runtime.Composer?, $changed: kotlin.Int, $default: kotlin.Int): kotlin.Unit declared in fr.mrantoine.franji.ui.screens.auth.WelcomeScreenKt' type=kotlin.Unit origin=null
                                onSignUpClick: BLOCK type=kotlin.Function0<kotlin.Unit> origin=null
                                  BLOCK type=kotlin.Unit origin=null
                                    CALL 'public abstract fun startReplaceGroup (key: kotlin.Int): kotlin.Unit declared in androidx.compose.runtime.Composer' type=kotlin.Unit origin=null
                                      $this: GET_VAR '$composer: androidx.compose.runtime.Composer? [assignable] declared in fr.mrantoine.franji.ComposableSingletons$MainActivityKt.<clinit>.<no name provided>.invoke$lambda$7$lambda$6.<no name provided>.invoke' type=androidx.compose.runtime.Composer? origin=null
                                      key: CONST Int type=kotlin.Int value=1086207031
                                    CALL 'public final fun sourceInformation (composer: androidx.compose.runtime.Composer, sourceInformation: kotlin.String): kotlin.Unit declared in androidx.compose.runtime.ComposerKt' type=kotlin.Unit origin=null
                                      composer: GET_VAR '$composer: androidx.compose.runtime.Composer? [assignable] declared in fr.mrantoine.franji.ComposableSingletons$MainActivityKt.<clinit>.<no name provided>.invoke$lambda$7$lambda$6.<no name provided>.invoke' type=androidx.compose.runtime.Composer? origin=null
                                      sourceInformation: CONST String type=kotlin.String value="CC(remember):MainActivity.kt#9igjgp"
                                  VAR IR_TEMPORARY_VARIABLE name:tmp0_group type:kotlin.Function0<kotlin.Unit> [val]
                                    CALL 'public final fun cache <T> (invalid: kotlin.Boolean, block: @[DisallowComposableCalls] kotlin.Function0<T of androidx.compose.runtime.ComposerKt.cache>): T of androidx.compose.runtime.ComposerKt.cache [inline] declared in androidx.compose.runtime.ComposerKt' type=kotlin.Function0<kotlin.Unit> origin=null
                                      <T>: kotlin.Function0<kotlin.Unit>
                                      $receiver: GET_VAR '$composer: androidx.compose.runtime.Composer? [assignable] declared in fr.mrantoine.franji.ComposableSingletons$MainActivityKt.<clinit>.<no name provided>.invoke$lambda$7$lambda$6.<no name provided>.invoke' type=androidx.compose.runtime.Composer? origin=null
                                      invalid: CALL 'public open fun changedInstance (value: kotlin.Any?): kotlin.Boolean declared in androidx.compose.runtime.Composer' type=kotlin.Boolean origin=null
                                        $this: GET_VAR '$composer: androidx.compose.runtime.Composer? [assignable] declared in fr.mrantoine.franji.ComposableSingletons$MainActivityKt.<clinit>.<no name provided>.invoke$lambda$7$lambda$6.<no name provided>.invoke' type=androidx.compose.runtime.Composer? origin=null
                                        value: GET_FIELD 'FIELD FIELD_FOR_CAPTURED_VALUE name:$navController type:androidx.navigation.NavHostController visibility:public/*package*/ [final] declared in fr.mrantoine.franji.ComposableSingletons$MainActivityKt.<clinit>.<no name provided>.invoke$lambda$7$lambda$6.<no name provided>' type=androidx.navigation.NavHostController origin=null
                                          receiver: GET_VAR '<this>: fr.mrantoine.franji.ComposableSingletons$MainActivityKt.<clinit>.<no name provided>.invoke$lambda$7$lambda$6.<no name provided> declared in fr.mrantoine.franji.ComposableSingletons$MainActivityKt.<clinit>.<no name provided>.invoke$lambda$7$lambda$6.<no name provided>.invoke' type=fr.mrantoine.franji.ComposableSingletons$MainActivityKt.<clinit>.<no name provided>.invoke$lambda$7$lambda$6.<no name provided> origin=null
                                      block: BLOCK type=kotlin.Function0<kotlin.Function0<kotlin.Unit>> origin=LAMBDA
                                        COMPOSITE type=kotlin.Unit origin=null
                                        FUNCTION_REFERENCE 'private final fun invoke$lambda$2 ($navController: androidx.navigation.NavHostController): kotlin.Function0<kotlin.Unit> declared in fr.mrantoine.franji.ComposableSingletons$MainActivityKt.<clinit>.<no name provided>.invoke$lambda$7$lambda$6.<no name provided>' type=kotlin.Function0<kotlin.Function0<kotlin.Unit>> origin=INLINE_LAMBDA reflectionTarget=null
                                          $navController: GET_FIELD 'FIELD FIELD_FOR_CAPTURED_VALUE name:$navController type:androidx.navigation.NavHostController visibility:public/*package*/ [final] declared in fr.mrantoine.franji.ComposableSingletons$MainActivityKt.<clinit>.<no name provided>.invoke$lambda$7$lambda$6.<no name provided>' type=androidx.navigation.NavHostController origin=null
                                            receiver: GET_VAR '<this>: fr.mrantoine.franji.ComposableSingletons$MainActivityKt.<clinit>.<no name provided>.invoke$lambda$7$lambda$6.<no name provided> declared in fr.mrantoine.franji.ComposableSingletons$MainActivityKt.<clinit>.<no name provided>.invoke$lambda$7$lambda$6.<no name provided>.invoke' type=fr.mrantoine.franji.ComposableSingletons$MainActivityKt.<clinit>.<no name provided>.invoke$lambda$7$lambda$6.<no name provided> origin=null
                                  CALL 'public abstract fun endReplaceGroup (): kotlin.Unit declared in androidx.compose.runtime.Composer' type=kotlin.Unit origin=null
                                    $this: GET_VAR '$composer: androidx.compose.runtime.Composer? [assignable] declared in fr.mrantoine.franji.ComposableSingletons$MainActivityKt.<clinit>.<no name provided>.invoke$lambda$7$lambda$6.<no name provided>.invoke' type=androidx.compose.runtime.Composer? origin=null
                                  GET_VAR 'val tmp0_group: kotlin.Function0<kotlin.Unit> [val] declared in fr.mrantoine.franji.ComposableSingletons$MainActivityKt.<clinit>.<no name provided>.invoke$lambda$7$lambda$6.<no name provided>.invoke' type=kotlin.Function0<kotlin.Unit> origin=null
                                onLoginClick: BLOCK type=kotlin.Function0<kotlin.Unit> origin=null
                                  BLOCK type=kotlin.Unit origin=null
                                    CALL 'public abstract fun startReplaceGroup (key: kotlin.Int): kotlin.Unit declared in androidx.compose.runtime.Composer' type=kotlin.Unit origin=null
                                      $this: GET_VAR '$composer: androidx.compose.runtime.Composer? [assignable] declared in fr.mrantoine.franji.ComposableSingletons$MainActivityKt.<clinit>.<no name provided>.invoke$lambda$7$lambda$6.<no name provided>.invoke' type=androidx.compose.runtime.Composer? origin=null
                                      key: CONST Int type=kotlin.Int value=1086210773
                                    CALL 'public final fun sourceInformation (composer: androidx.compose.runtime.Composer, sourceInformation: kotlin.String): kotlin.Unit declared in androidx.compose.runtime.ComposerKt' type=kotlin.Unit origin=null
                                      composer: GET_VAR '$composer: androidx.compose.runtime.Composer? [assignable] declared in fr.mrantoine.franji.ComposableSingletons$MainActivityKt.<clinit>.<no name provided>.invoke$lambda$7$lambda$6.<no name provided>.invoke' type=androidx.compose.runtime.Composer? origin=null
                                      sourceInformation: CONST String type=kotlin.String value="CC(remember):MainActivity.kt#9igjgp"
                                  VAR IR_TEMPORARY_VARIABLE name:tmp1_group type:kotlin.Function0<kotlin.Unit> [val]
                                    CALL 'public final fun cache <T> (invalid: kotlin.Boolean, block: @[DisallowComposableCalls] kotlin.Function0<T of androidx.compose.runtime.ComposerKt.cache>): T of androidx.compose.runtime.ComposerKt.cache [inline] declared in androidx.compose.runtime.ComposerKt' type=kotlin.Function0<kotlin.Unit> origin=null
                                      <T>: kotlin.Function0<kotlin.Unit>
                                      $receiver: GET_VAR '$composer: androidx.compose.runtime.Composer? [assignable] declared in fr.mrantoine.franji.ComposableSingletons$MainActivityKt.<clinit>.<no name provided>.invoke$lambda$7$lambda$6.<no name provided>.invoke' type=androidx.compose.runtime.Composer? origin=null
                                      invalid: CALL 'public open fun changedInstance (value: kotlin.Any?): kotlin.Boolean declared in androidx.compose.runtime.Composer' type=kotlin.Boolean origin=null
                                        $this: GET_VAR '$composer: androidx.compose.runtime.Composer? [assignable] declared in fr.mrantoine.franji.ComposableSingletons$MainActivityKt.<clinit>.<no name provided>.invoke$lambda$7$lambda$6.<no name provided>.invoke' type=androidx.compose.runtime.Composer? origin=null
                                        value: GET_FIELD 'FIELD FIELD_FOR_CAPTURED_VALUE name:$navController type:androidx.navigation.NavHostController visibility:public/*package*/ [final] declared in fr.mrantoine.franji.ComposableSingletons$MainActivityKt.<clinit>.<no name provided>.invoke$lambda$7$lambda$6.<no name provided>' type=androidx.navigation.NavHostController origin=null
                                          receiver: GET_VAR '<this>: fr.mrantoine.franji.ComposableSingletons$MainActivityKt.<clinit>.<no name provided>.invoke$lambda$7$lambda$6.<no name provided> declared in fr.mrantoine.franji.ComposableSingletons$MainActivityKt.<clinit>.<no name provided>.invoke$lambda$7$lambda$6.<no name provided>.invoke' type=fr.mrantoine.franji.ComposableSingletons$MainActivityKt.<clinit>.<no name provided>.invoke$lambda$7$lambda$6.<no name provided> origin=null
                                      block: BLOCK type=kotlin.Function0<kotlin.Function0<kotlin.Unit>> origin=LAMBDA
                                        COMPOSITE type=kotlin.Unit origin=null
                                        FUNCTION_REFERENCE 'private final fun invoke$lambda$5 ($navController: androidx.navigation.NavHostController): kotlin.Function0<kotlin.Unit> declared in fr.mrantoine.franji.ComposableSingletons$MainActivityKt.<clinit>.<no name provided>.invoke$lambda$7$lambda$6.<no name provided>' type=kotlin.Function0<kotlin.Function0<kotlin.Unit>> origin=INLINE_LAMBDA reflectionTarget=null
                                          $navController: GET_FIELD 'FIELD FIELD_FOR_CAPTURED_VALUE name:$navController type:androidx.navigation.NavHostController visibility:public/*package*/ [final] declared in fr.mrantoine.franji.ComposableSingletons$MainActivityKt.<clinit>.<no name provided>.invoke$lambda$7$lambda$6.<no name provided>' type=androidx.navigation.NavHostController origin=null
                                            receiver: GET_VAR '<this>: fr.mrantoine.franji.ComposableSingletons$MainActivityKt.<clinit>.<no name provided>.invoke$lambda$7$lambda$6.<no name provided> declared in fr.mrantoine.franji.ComposableSingletons$MainActivityKt.<clinit>.<no name provided>.invoke$lambda$7$lambda$6.<no name provided>.invoke' type=fr.mrantoine.franji.ComposableSingletons$MainActivityKt.<clinit>.<no name provided>.invoke$lambda$7$lambda$6.<no name provided> origin=null
                                  CALL 'public abstract fun endReplaceGroup (): kotlin.Unit declared in androidx.compose.runtime.Composer' type=kotlin.Unit origin=null
                                    $this: GET_VAR '$composer: androidx.compose.runtime.Composer? [assignable] declared in fr.mrantoine.franji.ComposableSingletons$MainActivityKt.<clinit>.<no name provided>.invoke$lambda$7$lambda$6.<no name provided>.invoke' type=androidx.compose.runtime.Composer? origin=null
                                  GET_VAR 'val tmp1_group: kotlin.Function0<kotlin.Unit> [val] declared in fr.mrantoine.franji.ComposableSingletons$MainActivityKt.<clinit>.<no name provided>.invoke$lambda$7$lambda$6.<no name provided>.invoke' type=kotlin.Function0<kotlin.Unit> origin=null
                                $composer: GET_VAR '$composer: androidx.compose.runtime.Composer? [assignable] declared in fr.mrantoine.franji.ComposableSingletons$MainActivityKt.<clinit>.<no name provided>.invoke$lambda$7$lambda$6.<no name provided>.invoke' type=androidx.compose.runtime.Composer? origin=null
                                $changed: CONST Int type=kotlin.Int value=0
                                $default: CONST Int type=kotlin.Int value=0
                              WHEN type=kotlin.Unit origin=IF
                                BRANCH
                                  if: CALL 'public final fun isTraceInProgress (): kotlin.Boolean declared in androidx.compose.runtime.ComposerKt' type=kotlin.Boolean origin=null
                                  then: CALL 'public final fun traceEventEnd (): kotlin.Unit declared in androidx.compose.runtime.ComposerKt' type=kotlin.Unit origin=null
                        FIELD FIELD_FOR_CAPTURED_VALUE name:$navController type:androidx.navigation.NavHostController visibility:public/*package*/ [final]
                        FUN LOCAL_FUNCTION_FOR_LAMBDA name:invoke$lambda$2$lambda$1$lambda$0 visibility:private modality:FINAL <> ($this$navigate:androidx.navigation.NavOptionsBuilder) returnType:kotlin.Unit?
                          VALUE_PARAMETER name:$this$navigate index:0 type:androidx.navigation.NavOptionsBuilder
                          BLOCK_BODY
                            CALL 'public final fun <set-launchSingleTop> (value: kotlin.Boolean): kotlin.Unit declared in androidx.navigation.NavOptionsBuilder' type=kotlin.Unit origin=EQ
                              $this: GET_VAR '$this$navigate: androidx.navigation.NavOptionsBuilder declared in fr.mrantoine.franji.ComposableSingletons$MainActivityKt.<clinit>.<no name provided>.invoke$lambda$7$lambda$6.<no name provided>.invoke$lambda$2$lambda$1$lambda$0' type=androidx.navigation.NavOptionsBuilder origin=null
                              value: CONST Boolean type=kotlin.Boolean value=true
                        FUN LOCAL_FUNCTION_FOR_LAMBDA name:invoke$lambda$2$lambda$1 visibility:private modality:FINAL <> ($navController:androidx.navigation.NavHostController) returnType:kotlin.Unit?
                          VALUE_PARAMETER BOUND_VALUE_PARAMETER name:$navController index:0 type:androidx.navigation.NavHostController
                          BLOCK_BODY
                            CALL 'public final fun navigate (route: kotlin.String, builder: @[ExtensionFunctionType] kotlin.Function1<androidx.navigation.NavOptionsBuilder, kotlin.Unit>): kotlin.Unit [fake_override] declared in androidx.navigation.NavHostController' type=kotlin.Unit origin=null
                              $this: GET_VAR '$navController: androidx.navigation.NavHostController declared in fr.mrantoine.franji.ComposableSingletons$MainActivityKt.<clinit>.<no name provided>.invoke$lambda$7$lambda$6.<no name provided>.invoke$lambda$2$lambda$1' type=androidx.navigation.NavHostController origin=null
                              route: CONST String type=kotlin.String value="sign_up"
                              builder: BLOCK type=@[ExtensionFunctionType] kotlin.Function1<androidx.navigation.NavOptionsBuilder, kotlin.Unit> origin=LAMBDA
                                COMPOSITE type=kotlin.Unit origin=null
                                CALL 'public final fun <jvm-indy> <T> (dynamicCall: T of kotlin.jvm.internal.<jvm-indy>, bootstrapMethodHandle: kotlin.Any, vararg bootstrapMethodArguments: kotlin.Any): T of kotlin.jvm.internal.<jvm-indy> declared in kotlin.jvm.internal' type=@[ExtensionFunctionType] kotlin.Function1<androidx.navigation.NavOptionsBuilder, kotlin.Unit> origin=null
                                  <T>: @[ExtensionFunctionType] kotlin.Function1<androidx.navigation.NavOptionsBuilder, kotlin.Unit>
                                  dynamicCall: CALL 'public final fun invoke (): @[ExtensionFunctionType] kotlin.Function1<androidx.navigation.NavOptionsBuilder, kotlin.Unit> declared in kotlin.jvm.internal.invokeDynamic' type=@[ExtensionFunctionType] kotlin.Function1<androidx.navigation.NavOptionsBuilder, kotlin.Unit> origin=null
                                  bootstrapMethodHandle: CALL 'public final fun <jvm-method-handle> (tag: kotlin.Int, owner: kotlin.String, name: kotlin.String, descriptor: kotlin.String, isInterface: kotlin.Boolean): kotlin.Any declared in kotlin.jvm.internal' type=kotlin.Any origin=null
                                    tag: CONST Int type=kotlin.Int value=6
                                    owner: CONST String type=kotlin.String value="java/lang/invoke/LambdaMetafactory"
                                    name: CONST String type=kotlin.String value="metafactory"
                                    descriptor: CONST String type=kotlin.String value="(Ljava/lang/invoke/MethodHandles$Lookup;Ljava/lang/String;Ljava/lang/invoke/MethodType;Ljava/lang/invoke/MethodType;Ljava/lang/invoke/MethodHandle;Ljava/lang/invoke/MethodType;)Ljava/lang/invoke/CallSite;"
                                    isInterface: CONST Boolean type=kotlin.Boolean value=false
                                  bootstrapMethodArguments: VARARG type=kotlin.Array<kotlin.Any> varargElementType=kotlin.Any
                                    CALL 'public final fun <jvm-original-method-type> (method: kotlin.Any): kotlin.Any declared in kotlin.jvm.internal' type=kotlin.Any origin=null
                                      method: RAW_FUNCTION_REFERENCE 'public abstract fun invoke (p1: P1 of kotlin.Function1): R of kotlin.Function1 [operator] declared in kotlin.Function1' type=kotlin.Any
                                    RAW_FUNCTION_REFERENCE 'private final fun invoke$lambda$2$lambda$1$lambda$0 ($this$navigate: androidx.navigation.NavOptionsBuilder): kotlin.Unit? declared in fr.mrantoine.franji.ComposableSingletons$MainActivityKt.<clinit>.<no name provided>.invoke$lambda$7$lambda$6.<no name provided>' type=kotlin.Any
                                    CALL 'public final fun <jvm-original-method-type> (method: kotlin.Any): kotlin.Any declared in kotlin.jvm.internal' type=kotlin.Any origin=null
                                      method: RAW_FUNCTION_REFERENCE 'public abstract fun invoke (p1: androidx.navigation.NavOptionsBuilder): kotlin.Unit? [fake_override,operator] declared in kotlin.jvm.internal.invokeDynamic.<fake>' type=kotlin.Any
                        FUN INLINE_LAMBDA name:invoke$lambda$2 visibility:private modality:FINAL <> ($navController:androidx.navigation.NavHostController) returnType:kotlin.Function0<kotlin.Unit>
                          VALUE_PARAMETER BOUND_VALUE_PARAMETER name:$navController index:0 type:androidx.navigation.NavHostController
                          BLOCK_BODY
                            VAR name:$i$a$-cache-ComposableSingletons$MainActivityKt$lambda-2$1$3$1$2$1 type:kotlin.Int [val]
                              CONST Int type=kotlin.Int value=0
                            RETURN type=kotlin.Nothing from='private final fun invoke$lambda$2 ($navController: androidx.navigation.NavHostController): kotlin.Function0<kotlin.Unit> declared in fr.mrantoine.franji.ComposableSingletons$MainActivityKt.<clinit>.<no name provided>.invoke$lambda$7$lambda$6.<no name provided>'
                              BLOCK type=kotlin.Function0<kotlin.Unit> origin=LAMBDA
                                COMPOSITE type=kotlin.Unit origin=null
                                CALL 'public final fun <jvm-indy> <T> (dynamicCall: T of kotlin.jvm.internal.<jvm-indy>, bootstrapMethodHandle: kotlin.Any, vararg bootstrapMethodArguments: kotlin.Any): T of kotlin.jvm.internal.<jvm-indy> declared in kotlin.jvm.internal' type=kotlin.Function0<kotlin.Unit> origin=null
                                  <T>: kotlin.Function0<kotlin.Unit>
                                  dynamicCall: CALL 'public final fun invoke (p0: androidx.navigation.NavHostController): kotlin.Function0<kotlin.Unit> declared in kotlin.jvm.internal.invokeDynamic' type=kotlin.Function0<kotlin.Unit> origin=null
                                    p0: GET_VAR '$navController: androidx.navigation.NavHostController declared in fr.mrantoine.franji.ComposableSingletons$MainActivityKt.<clinit>.<no name provided>.invoke$lambda$7$lambda$6.<no name provided>.invoke$lambda$2' type=androidx.navigation.NavHostController origin=null
                                  bootstrapMethodHandle: CALL 'public final fun <jvm-method-handle> (tag: kotlin.Int, owner: kotlin.String, name: kotlin.String, descriptor: kotlin.String, isInterface: kotlin.Boolean): kotlin.Any declared in kotlin.jvm.internal' type=kotlin.Any origin=null
                                    tag: CONST Int type=kotlin.Int value=6
                                    owner: CONST String type=kotlin.String value="java/lang/invoke/LambdaMetafactory"
                                    name: CONST String type=kotlin.String value="metafactory"
                                    descriptor: CONST String type=kotlin.String value="(Ljava/lang/invoke/MethodHandles$Lookup;Ljava/lang/String;Ljava/lang/invoke/MethodType;Ljava/lang/invoke/MethodType;Ljava/lang/invoke/MethodHandle;Ljava/lang/invoke/MethodType;)Ljava/lang/invoke/CallSite;"
                                    isInterface: CONST Boolean type=kotlin.Boolean value=false
                                  bootstrapMethodArguments: VARARG type=kotlin.Array<kotlin.Any> varargElementType=kotlin.Any
                                    CALL 'public final fun <jvm-original-method-type> (method: kotlin.Any): kotlin.Any declared in kotlin.jvm.internal' type=kotlin.Any origin=null
                                      method: RAW_FUNCTION_REFERENCE 'public abstract fun invoke (): R of kotlin.Function0 [operator] declared in kotlin.Function0' type=kotlin.Any
                                    RAW_FUNCTION_REFERENCE 'private final fun invoke$lambda$2$lambda$1 ($navController: androidx.navigation.NavHostController): kotlin.Unit? declared in fr.mrantoine.franji.ComposableSingletons$MainActivityKt.<clinit>.<no name provided>.invoke$lambda$7$lambda$6.<no name provided>' type=kotlin.Any
                                    CALL 'public final fun <jvm-original-method-type> (method: kotlin.Any): kotlin.Any declared in kotlin.jvm.internal' type=kotlin.Any origin=null
                                      method: RAW_FUNCTION_REFERENCE 'public abstract fun invoke (): kotlin.Unit? [fake_override,operator] declared in kotlin.jvm.internal.invokeDynamic.<fake>' type=kotlin.Any
                        FUN LOCAL_FUNCTION_FOR_LAMBDA name:invoke$lambda$5$lambda$4$lambda$3 visibility:private modality:FINAL <> ($this$navigate:androidx.navigation.NavOptionsBuilder) returnType:kotlin.Unit?
                          VALUE_PARAMETER name:$this$navigate index:0 type:androidx.navigation.NavOptionsBuilder
                          BLOCK_BODY
                            CALL 'public final fun <set-launchSingleTop> (value: kotlin.Boolean): kotlin.Unit declared in androidx.navigation.NavOptionsBuilder' type=kotlin.Unit origin=EQ
                              $this: GET_VAR '$this$navigate: androidx.navigation.NavOptionsBuilder declared in fr.mrantoine.franji.ComposableSingletons$MainActivityKt.<clinit>.<no name provided>.invoke$lambda$7$lambda$6.<no name provided>.invoke$lambda$5$lambda$4$lambda$3' type=androidx.navigation.NavOptionsBuilder origin=null
                              value: CONST Boolean type=kotlin.Boolean value=true
                        FUN LOCAL_FUNCTION_FOR_LAMBDA name:invoke$lambda$5$lambda$4 visibility:private modality:FINAL <> ($navController:androidx.navigation.NavHostController) returnType:kotlin.Unit?
                          VALUE_PARAMETER BOUND_VALUE_PARAMETER name:$navController index:0 type:androidx.navigation.NavHostController
                          BLOCK_BODY
                            CALL 'public final fun navigate (route: kotlin.String, builder: @[ExtensionFunctionType] kotlin.Function1<androidx.navigation.NavOptionsBuilder, kotlin.Unit>): kotlin.Unit [fake_override] declared in androidx.navigation.NavHostController' type=kotlin.Unit origin=null
                              $this: GET_VAR '$navController: androidx.navigation.NavHostController declared in fr.mrantoine.franji.ComposableSingletons$MainActivityKt.<clinit>.<no name provided>.invoke$lambda$7$lambda$6.<no name provided>.invoke$lambda$5$lambda$4' type=androidx.navigation.NavHostController origin=null
                              route: CONST String type=kotlin.String value="login"
                              builder: BLOCK type=@[ExtensionFunctionType] kotlin.Function1<androidx.navigation.NavOptionsBuilder, kotlin.Unit> origin=LAMBDA
                                COMPOSITE type=kotlin.Unit origin=null
                                CALL 'public final fun <jvm-indy> <T> (dynamicCall: T of kotlin.jvm.internal.<jvm-indy>, bootstrapMethodHandle: kotlin.Any, vararg bootstrapMethodArguments: kotlin.Any): T of kotlin.jvm.internal.<jvm-indy> declared in kotlin.jvm.internal' type=@[ExtensionFunctionType] kotlin.Function1<androidx.navigation.NavOptionsBuilder, kotlin.Unit> origin=null
                                  <T>: @[ExtensionFunctionType] kotlin.Function1<androidx.navigation.NavOptionsBuilder, kotlin.Unit>
                                  dynamicCall: CALL 'public final fun invoke (): @[ExtensionFunctionType] kotlin.Function1<androidx.navigation.NavOptionsBuilder, kotlin.Unit> declared in kotlin.jvm.internal.invokeDynamic' type=@[ExtensionFunctionType] kotlin.Function1<androidx.navigation.NavOptionsBuilder, kotlin.Unit> origin=null
                                  bootstrapMethodHandle: CALL 'public final fun <jvm-method-handle> (tag: kotlin.Int, owner: kotlin.String, name: kotlin.String, descriptor: kotlin.String, isInterface: kotlin.Boolean): kotlin.Any declared in kotlin.jvm.internal' type=kotlin.Any origin=null
                                    tag: CONST Int type=kotlin.Int value=6
                                    owner: CONST String type=kotlin.String value="java/lang/invoke/LambdaMetafactory"
                                    name: CONST String type=kotlin.String value="metafactory"
                                    descriptor: CONST String type=kotlin.String value="(Ljava/lang/invoke/MethodHandles$Lookup;Ljava/lang/String;Ljava/lang/invoke/MethodType;Ljava/lang/invoke/MethodType;Ljava/lang/invoke/MethodHandle;Ljava/lang/invoke/MethodType;)Ljava/lang/invoke/CallSite;"
                                    isInterface: CONST Boolean type=kotlin.Boolean value=false
                                  bootstrapMethodArguments: VARARG type=kotlin.Array<kotlin.Any> varargElementType=kotlin.Any
                                    CALL 'public final fun <jvm-original-method-type> (method: kotlin.Any): kotlin.Any declared in kotlin.jvm.internal' type=kotlin.Any origin=null
                                      method: RAW_FUNCTION_REFERENCE 'public abstract fun invoke (p1: P1 of kotlin.Function1): R of kotlin.Function1 [operator] declared in kotlin.Function1' type=kotlin.Any
                                    RAW_FUNCTION_REFERENCE 'private final fun invoke$lambda$5$lambda$4$lambda$3 ($this$navigate: androidx.navigation.NavOptionsBuilder): kotlin.Unit? declared in fr.mrantoine.franji.ComposableSingletons$MainActivityKt.<clinit>.<no name provided>.invoke$lambda$7$lambda$6.<no name provided>' type=kotlin.Any
                                    CALL 'public final fun <jvm-original-method-type> (method: kotlin.Any): kotlin.Any declared in kotlin.jvm.internal' type=kotlin.Any origin=null
                                      method: RAW_FUNCTION_REFERENCE 'public abstract fun invoke (p1: androidx.navigation.NavOptionsBuilder): kotlin.Unit? [fake_override,operator] declared in kotlin.jvm.internal.invokeDynamic.<fake>' type=kotlin.Any
                        FUN INLINE_LAMBDA name:invoke$lambda$5 visibility:private modality:FINAL <> ($navController:androidx.navigation.NavHostController) returnType:kotlin.Function0<kotlin.Unit>
                          VALUE_PARAMETER BOUND_VALUE_PARAMETER name:$navController index:0 type:androidx.navigation.NavHostController
                          BLOCK_BODY
                            VAR name:$i$a$-cache-ComposableSingletons$MainActivityKt$lambda-2$1$3$1$2$2 type:kotlin.Int [val]
                              CONST Int type=kotlin.Int value=0
                            RETURN type=kotlin.Nothing from='private final fun invoke$lambda$5 ($navController: androidx.navigation.NavHostController): kotlin.Function0<kotlin.Unit> declared in fr.mrantoine.franji.ComposableSingletons$MainActivityKt.<clinit>.<no name provided>.invoke$lambda$7$lambda$6.<no name provided>'
                              BLOCK type=kotlin.Function0<kotlin.Unit> origin=LAMBDA
                                COMPOSITE type=kotlin.Unit origin=null
                                CALL 'public final fun <jvm-indy> <T> (dynamicCall: T of kotlin.jvm.internal.<jvm-indy>, bootstrapMethodHandle: kotlin.Any, vararg bootstrapMethodArguments: kotlin.Any): T of kotlin.jvm.internal.<jvm-indy> declared in kotlin.jvm.internal' type=kotlin.Function0<kotlin.Unit> origin=null
                                  <T>: kotlin.Function0<kotlin.Unit>
                                  dynamicCall: CALL 'public final fun invoke (p0: androidx.navigation.NavHostController): kotlin.Function0<kotlin.Unit> declared in kotlin.jvm.internal.invokeDynamic' type=kotlin.Function0<kotlin.Unit> origin=null
                                    p0: GET_VAR '$navController: androidx.navigation.NavHostController declared in fr.mrantoine.franji.ComposableSingletons$MainActivityKt.<clinit>.<no name provided>.invoke$lambda$7$lambda$6.<no name provided>.invoke$lambda$5' type=androidx.navigation.NavHostController origin=null
                                  bootstrapMethodHandle: CALL 'public final fun <jvm-method-handle> (tag: kotlin.Int, owner: kotlin.String, name: kotlin.String, descriptor: kotlin.String, isInterface: kotlin.Boolean): kotlin.Any declared in kotlin.jvm.internal' type=kotlin.Any origin=null
                                    tag: CONST Int type=kotlin.Int value=6
                                    owner: CONST String type=kotlin.String value="java/lang/invoke/LambdaMetafactory"
                                    name: CONST String type=kotlin.String value="metafactory"
                                    descriptor: CONST String type=kotlin.String value="(Ljava/lang/invoke/MethodHandles$Lookup;Ljava/lang/String;Ljava/lang/invoke/MethodType;Ljava/lang/invoke/MethodType;Ljava/lang/invoke/MethodHandle;Ljava/lang/invoke/MethodType;)Ljava/lang/invoke/CallSite;"
                                    isInterface: CONST Boolean type=kotlin.Boolean value=false
                                  bootstrapMethodArguments: VARARG type=kotlin.Array<kotlin.Any> varargElementType=kotlin.Any
                                    CALL 'public final fun <jvm-original-method-type> (method: kotlin.Any): kotlin.Any declared in kotlin.jvm.internal' type=kotlin.Any origin=null
                                      method: RAW_FUNCTION_REFERENCE 'public abstract fun invoke (): R of kotlin.Function0 [operator] declared in kotlin.Function0' type=kotlin.Any
                                    RAW_FUNCTION_REFERENCE 'private final fun invoke$lambda$5$lambda$4 ($navController: androidx.navigation.NavHostController): kotlin.Unit? declared in fr.mrantoine.franji.ComposableSingletons$MainActivityKt.<clinit>.<no name provided>.invoke$lambda$7$lambda$6.<no name provided>' type=kotlin.Any
                                    CALL 'public final fun <jvm-original-method-type> (method: kotlin.Any): kotlin.Any declared in kotlin.jvm.internal' type=kotlin.Any origin=null
                                      method: RAW_FUNCTION_REFERENCE 'public abstract fun invoke (): kotlin.Unit? [fake_override,operator] declared in kotlin.jvm.internal.invokeDynamic.<fake>' type=kotlin.Any
                        FUN BRIDGE name:invoke visibility:public modality:OPEN <> ($this:fr.mrantoine.franji.ComposableSingletons$MainActivityKt.<clinit>.<no name provided>.invoke$lambda$7$lambda$6.<no name provided>, p1:kotlin.Any?, p2:kotlin.Any?, p3:kotlin.Any?, p4:kotlin.Any?) returnType:kotlin.Any?
                          $this: VALUE_PARAMETER INSTANCE_RECEIVER name:<this> type:fr.mrantoine.franji.ComposableSingletons$MainActivityKt.<clinit>.<no name provided>.invoke$lambda$7$lambda$6.<no name provided>
                          VALUE_PARAMETER BRIDGE name:p1 index:0 type:kotlin.Any?
                          VALUE_PARAMETER BRIDGE name:p2 index:1 type:kotlin.Any?
                          VALUE_PARAMETER BRIDGE name:p3 index:2 type:kotlin.Any?
                          VALUE_PARAMETER BRIDGE name:p4 index:3 type:kotlin.Any?
                          EXPRESSION_BODY
                            RETURN type=kotlin.Nothing from='public open fun invoke (p1: kotlin.Any?, p2: kotlin.Any?, p3: kotlin.Any?, p4: kotlin.Any?): kotlin.Any? declared in fr.mrantoine.franji.ComposableSingletons$MainActivityKt.<clinit>.<no name provided>.invoke$lambda$7$lambda$6.<no name provided>'
                              CALL 'public final fun invoke ($this$composable: androidx.compose.animation.AnimatedVisibilityScope, it: androidx.navigation.NavBackStackEntry, $composer: androidx.compose.runtime.Composer?, $changed: kotlin.Int): kotlin.Unit declared in fr.mrantoine.franji.ComposableSingletons$MainActivityKt.<clinit>.<no name provided>.invoke$lambda$7$lambda$6.<no name provided>' type=kotlin.Unit origin=BRIDGE_DELEGATION
                                $this: GET_VAR '<this>: fr.mrantoine.franji.ComposableSingletons$MainActivityKt.<clinit>.<no name provided>.invoke$lambda$7$lambda$6.<no name provided> declared in fr.mrantoine.franji.ComposableSingletons$MainActivityKt.<clinit>.<no name provided>.invoke$lambda$7$lambda$6.<no name provided>.invoke' type=fr.mrantoine.franji.ComposableSingletons$MainActivityKt.<clinit>.<no name provided>.invoke$lambda$7$lambda$6.<no name provided> origin=null
                                $this$composable: TYPE_OP type=androidx.compose.animation.AnimatedVisibilityScope origin=IMPLICIT_CAST typeOperand=androidx.compose.animation.AnimatedVisibilityScope
                                  GET_VAR 'p1: kotlin.Any? declared in fr.mrantoine.franji.ComposableSingletons$MainActivityKt.<clinit>.<no name provided>.invoke$lambda$7$lambda$6.<no name provided>.invoke' type=kotlin.Any? origin=null
                                it: TYPE_OP type=androidx.navigation.NavBackStackEntry origin=IMPLICIT_CAST typeOperand=androidx.navigation.NavBackStackEntry
                                  GET_VAR 'p2: kotlin.Any? declared in fr.mrantoine.franji.ComposableSingletons$MainActivityKt.<clinit>.<no name provided>.invoke$lambda$7$lambda$6.<no name provided>.invoke' type=kotlin.Any? origin=null
                                $composer: TYPE_OP type=androidx.compose.runtime.Composer origin=IMPLICIT_CAST typeOperand=androidx.compose.runtime.Composer
                                  GET_VAR 'p3: kotlin.Any? declared in fr.mrantoine.franji.ComposableSingletons$MainActivityKt.<clinit>.<no name provided>.invoke$lambda$7$lambda$6.<no name provided>.invoke' type=kotlin.Any? origin=null
                                $changed: TYPE_OP type=kotlin.Int origin=IMPLICIT_CAST typeOperand=kotlin.Int
                                  GET_VAR 'p4: kotlin.Any? declared in fr.mrantoine.franji.ComposableSingletons$MainActivityKt.<clinit>.<no name provided>.invoke$lambda$7$lambda$6.<no name provided>.invoke' type=kotlin.Any? origin=null
                      CONSTRUCTOR_CALL 'public/*package*/ constructor <init> ($navController: androidx.navigation.NavHostController) [primary] declared in fr.mrantoine.franji.ComposableSingletons$MainActivityKt.<clinit>.<no name provided>.invoke$lambda$7$lambda$6.<no name provided>' type=fr.mrantoine.franji.ComposableSingletons$MainActivityKt.<clinit>.<no name provided>.invoke$lambda$7$lambda$6.<no name provided> origin=null
                        $navController: GET_VAR '$navController: androidx.navigation.NavHostController declared in fr.mrantoine.franji.ComposableSingletons$MainActivityKt.<clinit>.<no name provided>.invoke$lambda$7$lambda$6' type=androidx.navigation.NavHostController origin=null
                  $mask0: CONST Int type=kotlin.Int value=126
                  $handler: CONST Null type=kotlin.Any? value=null
                CALL 'public final fun composable$default (route: kotlin.String, arguments: kotlin.collections.List<androidx.navigation.NamedNavArgument>?, deepLinks: kotlin.collections.List<androidx.navigation.NavDeepLink>?, enterTransition: @[ExtensionFunctionType] kotlin.Function1<IrErrorType(null), androidx.compose.animation.EnterTransition?>?, exitTransition: @[ExtensionFunctionType] kotlin.Function1<IrErrorType(null), androidx.compose.animation.ExitTransition?>?, popEnterTransition: @[ExtensionFunctionType] kotlin.Function1<IrErrorType(null), androidx.compose.animation.EnterTransition?>?, popExitTransition: @[ExtensionFunctionType] kotlin.Function1<IrErrorType(null), androidx.compose.animation.ExitTransition?>?, content: @[ExtensionFunctionType] kotlin.Function4<androidx.compose.animation.AnimatedVisibilityScope, androidx.navigation.NavBackStackEntry, androidx.compose.runtime.Composer, kotlin.Int, kotlin.Unit>, $mask0: kotlin.Int, $handler: kotlin.Any?): kotlin.Unit declared in com.google.accompanist.navigation.animation.NavGraphBuilderKt' type=kotlin.Unit origin=DEFAULT_DISPATCH_CALL
                  $receiver: GET_VAR '$this$AnimatedNavHost: androidx.navigation.NavGraphBuilder declared in fr.mrantoine.franji.ComposableSingletons$MainActivityKt.<clinit>.<no name provided>.invoke$lambda$7$lambda$6' type=androidx.navigation.NavGraphBuilder origin=null
                  route: CONST String type=kotlin.String value="sign_up"
                  arguments: COMPOSITE type=kotlin.collections.List<androidx.navigation.NamedNavArgument>? origin=DEFAULT_VALUE
                    CONST Null type=kotlin.collections.List<androidx.navigation.NamedNavArgument>? value=null
                  deepLinks: COMPOSITE type=kotlin.collections.List<androidx.navigation.NavDeepLink>? origin=DEFAULT_VALUE
                    CONST Null type=kotlin.collections.List<androidx.navigation.NavDeepLink>? value=null
                  enterTransition: COMPOSITE type=@[ExtensionFunctionType] kotlin.Function1<IrErrorType(null), androidx.compose.animation.EnterTransition?>? origin=DEFAULT_VALUE
                    CONST Null type=@[ExtensionFunctionType] kotlin.Function1<IrErrorType(null), androidx.compose.animation.EnterTransition?>? value=null
                  exitTransition: COMPOSITE type=@[ExtensionFunctionType] kotlin.Function1<IrErrorType(null), androidx.compose.animation.ExitTransition?>? origin=DEFAULT_VALUE
                    CONST Null type=@[ExtensionFunctionType] kotlin.Function1<IrErrorType(null), androidx.compose.animation.ExitTransition?>? value=null
                  popEnterTransition: COMPOSITE type=@[ExtensionFunctionType] kotlin.Function1<IrErrorType(null), androidx.compose.animation.EnterTransition?>? origin=DEFAULT_VALUE
                    CONST Null type=@[ExtensionFunctionType] kotlin.Function1<IrErrorType(null), androidx.compose.animation.EnterTransition?>? value=null
                  popExitTransition: COMPOSITE type=@[ExtensionFunctionType] kotlin.Function1<IrErrorType(null), androidx.compose.animation.ExitTransition?>? origin=DEFAULT_VALUE
                    CONST Null type=@[ExtensionFunctionType] kotlin.Function1<IrErrorType(null), androidx.compose.animation.ExitTransition?>? value=null
                  content: CALL 'public final fun composableLambdaInstance (key: kotlin.Int, tracked: kotlin.Boolean, block: kotlin.Any): androidx.compose.runtime.internal.ComposableLambda declared in androidx.compose.runtime.internal.ComposableLambdaKt' type=androidx.compose.runtime.internal.ComposableLambda origin=null
                    key: CONST Int type=kotlin.Int value=-1782510265
                    tracked: CONST Boolean type=kotlin.Boolean value=true
                    block: BLOCK type=fr.mrantoine.franji.ComposableSingletons$MainActivityKt.<clinit>.<no name provided>.invoke$lambda$7$lambda$6.<no name provided> origin=null
                      CLASS LAMBDA_IMPL CLASS name:<no name provided> modality:FINAL visibility:public/*package*/ superTypes:[kotlin.Any; kotlin.Function4<androidx.compose.animation.AnimatedVisibilityScope, androidx.navigation.NavBackStackEntry, androidx.compose.runtime.Composer, kotlin.Int, kotlin.Unit>]
                        $this: VALUE_PARAMETER INSTANCE_RECEIVER name:<this> type:fr.mrantoine.franji.ComposableSingletons$MainActivityKt.<clinit>.<no name provided>.invoke$lambda$7$lambda$6.<no name provided>
                        CONSTRUCTOR GENERATED_MEMBER_IN_CALLABLE_REFERENCE visibility:public/*package*/ <> ($navController:androidx.navigation.NavHostController) returnType:fr.mrantoine.franji.ComposableSingletons$MainActivityKt.<clinit>.<no name provided>.invoke$lambda$7$lambda$6.<no name provided> [primary]
                          VALUE_PARAMETER BOUND_VALUE_PARAMETER name:$navController index:0 type:androidx.navigation.NavHostController
                          BLOCK_BODY
                            SET_FIELD 'FIELD FIELD_FOR_CAPTURED_VALUE name:$navController type:androidx.navigation.NavHostController visibility:public/*package*/ [final] declared in fr.mrantoine.franji.ComposableSingletons$MainActivityKt.<clinit>.<no name provided>.invoke$lambda$7$lambda$6.<no name provided>' type=kotlin.Unit origin=INITIALIZER_OF_FIELD_FOR_CAPTURED_VALUE
                              receiver: GET_VAR '<this>: fr.mrantoine.franji.ComposableSingletons$MainActivityKt.<clinit>.<no name provided>.invoke$lambda$7$lambda$6.<no name provided> declared in fr.mrantoine.franji.ComposableSingletons$MainActivityKt.<clinit>.<no name provided>.invoke$lambda$7$lambda$6.<no name provided>' type=fr.mrantoine.franji.ComposableSingletons$MainActivityKt.<clinit>.<no name provided>.invoke$lambda$7$lambda$6.<no name provided> origin=null
                              value: GET_VAR '$navController: androidx.navigation.NavHostController declared in fr.mrantoine.franji.ComposableSingletons$MainActivityKt.<clinit>.<no name provided>.invoke$lambda$7$lambda$6.<no name provided>.<init>' type=androidx.navigation.NavHostController origin=null
                            DELEGATING_CONSTRUCTOR_CALL 'public constructor <init> () [primary] declared in kotlin.Any'
                            BLOCK type=kotlin.Unit origin=null
                        FUN name:invoke visibility:public modality:FINAL <> ($this:fr.mrantoine.franji.ComposableSingletons$MainActivityKt.<clinit>.<no name provided>.invoke$lambda$7$lambda$6.<no name provided>, $this$composable:androidx.compose.animation.AnimatedVisibilityScope, it:androidx.navigation.NavBackStackEntry, $composer:androidx.compose.runtime.Composer?, $changed:kotlin.Int) returnType:kotlin.Unit
                          annotations:
                            Composable
                            ComposableTarget(applier = "androidx.compose.ui.UiComposable")
                          overridden:
                            public abstract fun invoke (p1: P1 of kotlin.Function4, p2: P2 of kotlin.Function4, p3: P3 of kotlin.Function4, p4: P4 of kotlin.Function4): R of kotlin.Function4 [operator] declared in kotlin.Function4
                          $this: VALUE_PARAMETER INSTANCE_RECEIVER name:<this> type:fr.mrantoine.franji.ComposableSingletons$MainActivityKt.<clinit>.<no name provided>.invoke$lambda$7$lambda$6.<no name provided>
                          VALUE_PARAMETER name:$this$composable index:0 type:androidx.compose.animation.AnimatedVisibilityScope
                          VALUE_PARAMETER name:it index:1 type:androidx.navigation.NavBackStackEntry
                          VALUE_PARAMETER name:$composer index:2 type:androidx.compose.runtime.Composer? [assignable]
                          VALUE_PARAMETER name:$changed index:3 type:kotlin.Int
                          BLOCK_BODY
                            CALL 'public final fun sourceInformation (composer: androidx.compose.runtime.Composer, sourceInformation: kotlin.String): kotlin.Unit declared in androidx.compose.runtime.ComposerKt' type=kotlin.Unit origin=null
                              composer: GET_VAR '$composer: androidx.compose.runtime.Composer? [assignable] declared in fr.mrantoine.franji.ComposableSingletons$MainActivityKt.<clinit>.<no name provided>.invoke$lambda$7$lambda$6.<no name provided>.invoke' type=androidx.compose.runtime.Composer? origin=null
                              sourceInformation: CONST String type=kotlin.String value="C61@2913L72,60@2855L156:MainActivity.kt#hbl8mt"
                            COMPOSITE type=kotlin.Unit origin=null
                              WHEN type=kotlin.Unit origin=IF
                                BRANCH
                                  if: CALL 'public final fun isTraceInProgress (): kotlin.Boolean declared in androidx.compose.runtime.ComposerKt' type=kotlin.Boolean origin=null
                                  then: CALL 'public final fun traceEventStart (key: kotlin.Int, dirty1: kotlin.Int, dirty2: kotlin.Int, info: kotlin.String): kotlin.Unit declared in androidx.compose.runtime.ComposerKt' type=kotlin.Unit origin=null
                                    key: CONST Int type=kotlin.Int value=-1782510265
                                    dirty1: GET_VAR '$changed: kotlin.Int declared in fr.mrantoine.franji.ComposableSingletons$MainActivityKt.<clinit>.<no name provided>.invoke$lambda$7$lambda$6.<no name provided>.invoke' type=kotlin.Int origin=null
                                    dirty2: CONST Int type=kotlin.Int value=-1
                                    info: CONST String type=kotlin.String value="fr.mrantoine.franji.ComposableSingletons$MainActivityKt.lambda-2.<anonymous>.<anonymous>.<anonymous>.<anonymous> (MainActivity.kt:60)"
                              CALL 'public final fun RegisterScreen (onBackClick: kotlin.Function0<kotlin.Unit>?, $composer: androidx.compose.runtime.Composer?, $changed: kotlin.Int, $default: kotlin.Int): kotlin.Unit declared in fr.mrantoine.franji.ui.screens.auth.RegisterScreenKt' type=kotlin.Unit origin=null
                                onBackClick: BLOCK type=kotlin.Function0<kotlin.Unit> origin=null
                                  BLOCK type=kotlin.Unit origin=null
                                    CALL 'public abstract fun startReplaceGroup (key: kotlin.Int): kotlin.Unit declared in androidx.compose.runtime.Composer' type=kotlin.Unit origin=null
                                      $this: GET_VAR '$composer: androidx.compose.runtime.Composer? [assignable] declared in fr.mrantoine.franji.ComposableSingletons$MainActivityKt.<clinit>.<no name provided>.invoke$lambda$7$lambda$6.<no name provided>.invoke' type=androidx.compose.runtime.Composer? origin=null
                                      key: CONST Int type=kotlin.Int value=1086218903
                                    CALL 'public final fun sourceInformation (composer: androidx.compose.runtime.Composer, sourceInformation: kotlin.String): kotlin.Unit declared in androidx.compose.runtime.ComposerKt' type=kotlin.Unit origin=null
                                      composer: GET_VAR '$composer: androidx.compose.runtime.Composer? [assignable] declared in fr.mrantoine.franji.ComposableSingletons$MainActivityKt.<clinit>.<no name provided>.invoke$lambda$7$lambda$6.<no name provided>.invoke' type=androidx.compose.runtime.Composer? origin=null
                                      sourceInformation: CONST String type=kotlin.String value="CC(remember):MainActivity.kt#9igjgp"
                                  VAR IR_TEMPORARY_VARIABLE name:tmp0_group type:kotlin.Function0<kotlin.Unit> [val]
                                    CALL 'public final fun cache <T> (invalid: kotlin.Boolean, block: @[DisallowComposableCalls] kotlin.Function0<T of androidx.compose.runtime.ComposerKt.cache>): T of androidx.compose.runtime.ComposerKt.cache [inline] declared in androidx.compose.runtime.ComposerKt' type=kotlin.Function0<kotlin.Unit> origin=null
                                      <T>: kotlin.Function0<kotlin.Unit>
                                      $receiver: GET_VAR '$composer: androidx.compose.runtime.Composer? [assignable] declared in fr.mrantoine.franji.ComposableSingletons$MainActivityKt.<clinit>.<no name provided>.invoke$lambda$7$lambda$6.<no name provided>.invoke' type=androidx.compose.runtime.Composer? origin=null
                                      invalid: CALL 'public open fun changedInstance (value: kotlin.Any?): kotlin.Boolean declared in androidx.compose.runtime.Composer' type=kotlin.Boolean origin=null
                                        $this: GET_VAR '$composer: androidx.compose.runtime.Composer? [assignable] declared in fr.mrantoine.franji.ComposableSingletons$MainActivityKt.<clinit>.<no name provided>.invoke$lambda$7$lambda$6.<no name provided>.invoke' type=androidx.compose.runtime.Composer? origin=null
                                        value: GET_FIELD 'FIELD FIELD_FOR_CAPTURED_VALUE name:$navController type:androidx.navigation.NavHostController visibility:public/*package*/ [final] declared in fr.mrantoine.franji.ComposableSingletons$MainActivityKt.<clinit>.<no name provided>.invoke$lambda$7$lambda$6.<no name provided>' type=androidx.navigation.NavHostController origin=null
                                          receiver: GET_VAR '<this>: fr.mrantoine.franji.ComposableSingletons$MainActivityKt.<clinit>.<no name provided>.invoke$lambda$7$lambda$6.<no name provided> declared in fr.mrantoine.franji.ComposableSingletons$MainActivityKt.<clinit>.<no name provided>.invoke$lambda$7$lambda$6.<no name provided>.invoke' type=fr.mrantoine.franji.ComposableSingletons$MainActivityKt.<clinit>.<no name provided>.invoke$lambda$7$lambda$6.<no name provided> origin=null
                                      block: BLOCK type=kotlin.Function0<kotlin.Function0<kotlin.Unit>> origin=LAMBDA
                                        COMPOSITE type=kotlin.Unit origin=null
                                        FUNCTION_REFERENCE 'private final fun invoke$lambda$2 ($navController: androidx.navigation.NavHostController): kotlin.Function0<kotlin.Unit> declared in fr.mrantoine.franji.ComposableSingletons$MainActivityKt.<clinit>.<no name provided>.invoke$lambda$7$lambda$6.<no name provided>' type=kotlin.Function0<kotlin.Function0<kotlin.Unit>> origin=INLINE_LAMBDA reflectionTarget=null
                                          $navController: GET_FIELD 'FIELD FIELD_FOR_CAPTURED_VALUE name:$navController type:androidx.navigation.NavHostController visibility:public/*package*/ [final] declared in fr.mrantoine.franji.ComposableSingletons$MainActivityKt.<clinit>.<no name provided>.invoke$lambda$7$lambda$6.<no name provided>' type=androidx.navigation.NavHostController origin=null
                                            receiver: GET_VAR '<this>: fr.mrantoine.franji.ComposableSingletons$MainActivityKt.<clinit>.<no name provided>.invoke$lambda$7$lambda$6.<no name provided> declared in fr.mrantoine.franji.ComposableSingletons$MainActivityKt.<clinit>.<no name provided>.invoke$lambda$7$lambda$6.<no name provided>.invoke' type=fr.mrantoine.franji.ComposableSingletons$MainActivityKt.<clinit>.<no name provided>.invoke$lambda$7$lambda$6.<no name provided> origin=null
                                  CALL 'public abstract fun endReplaceGroup (): kotlin.Unit declared in androidx.compose.runtime.Composer' type=kotlin.Unit origin=null
                                    $this: GET_VAR '$composer: androidx.compose.runtime.Composer? [assignable] declared in fr.mrantoine.franji.ComposableSingletons$MainActivityKt.<clinit>.<no name provided>.invoke$lambda$7$lambda$6.<no name provided>.invoke' type=androidx.compose.runtime.Composer? origin=null
                                  GET_VAR 'val tmp0_group: kotlin.Function0<kotlin.Unit> [val] declared in fr.mrantoine.franji.ComposableSingletons$MainActivityKt.<clinit>.<no name provided>.invoke$lambda$7$lambda$6.<no name provided>.invoke' type=kotlin.Function0<kotlin.Unit> origin=null
                                $composer: GET_VAR '$composer: androidx.compose.runtime.Composer? [assignable] declared in fr.mrantoine.franji.ComposableSingletons$MainActivityKt.<clinit>.<no name provided>.invoke$lambda$7$lambda$6.<no name provided>.invoke' type=androidx.compose.runtime.Composer? origin=null
                                $changed: CONST Int type=kotlin.Int value=0
                                $default: CONST Int type=kotlin.Int value=0
                              WHEN type=kotlin.Unit origin=IF
                                BRANCH
                                  if: CALL 'public final fun isTraceInProgress (): kotlin.Boolean declared in androidx.compose.runtime.ComposerKt' type=kotlin.Boolean origin=null
                                  then: CALL 'public final fun traceEventEnd (): kotlin.Unit declared in androidx.compose.runtime.ComposerKt' type=kotlin.Unit origin=null
                        FIELD FIELD_FOR_CAPTURED_VALUE name:$navController type:androidx.navigation.NavHostController visibility:public/*package*/ [final]
                        FUN LOCAL_FUNCTION_FOR_LAMBDA name:invoke$lambda$2$lambda$1$lambda$0 visibility:private modality:FINAL <> ($this$navigate:androidx.navigation.NavOptionsBuilder) returnType:kotlin.Unit?
                          VALUE_PARAMETER name:$this$navigate index:0 type:androidx.navigation.NavOptionsBuilder
                          BLOCK_BODY
                            CALL 'public final fun <set-launchSingleTop> (value: kotlin.Boolean): kotlin.Unit declared in androidx.navigation.NavOptionsBuilder' type=kotlin.Unit origin=EQ
                              $this: GET_VAR '$this$navigate: androidx.navigation.NavOptionsBuilder declared in fr.mrantoine.franji.ComposableSingletons$MainActivityKt.<clinit>.<no name provided>.invoke$lambda$7$lambda$6.<no name provided>.invoke$lambda$2$lambda$1$lambda$0' type=androidx.navigation.NavOptionsBuilder origin=null
                              value: CONST Boolean type=kotlin.Boolean value=true
                        FUN LOCAL_FUNCTION_FOR_LAMBDA name:invoke$lambda$2$lambda$1 visibility:private modality:FINAL <> ($navController:androidx.navigation.NavHostController) returnType:kotlin.Unit?
                          VALUE_PARAMETER BOUND_VALUE_PARAMETER name:$navController index:0 type:androidx.navigation.NavHostController
                          BLOCK_BODY
                            CALL 'public final fun navigate (route: kotlin.String, builder: @[ExtensionFunctionType] kotlin.Function1<androidx.navigation.NavOptionsBuilder, kotlin.Unit>): kotlin.Unit [fake_override] declared in androidx.navigation.NavHostController' type=kotlin.Unit origin=null
                              $this: GET_VAR '$navController: androidx.navigation.NavHostController declared in fr.mrantoine.franji.ComposableSingletons$MainActivityKt.<clinit>.<no name provided>.invoke$lambda$7$lambda$6.<no name provided>.invoke$lambda$2$lambda$1' type=androidx.navigation.NavHostController origin=null
                              route: CONST String type=kotlin.String value="welcome"
                              builder: BLOCK type=@[ExtensionFunctionType] kotlin.Function1<androidx.navigation.NavOptionsBuilder, kotlin.Unit> origin=LAMBDA
                                COMPOSITE type=kotlin.Unit origin=null
                                CALL 'public final fun <jvm-indy> <T> (dynamicCall: T of kotlin.jvm.internal.<jvm-indy>, bootstrapMethodHandle: kotlin.Any, vararg bootstrapMethodArguments: kotlin.Any): T of kotlin.jvm.internal.<jvm-indy> declared in kotlin.jvm.internal' type=@[ExtensionFunctionType] kotlin.Function1<androidx.navigation.NavOptionsBuilder, kotlin.Unit> origin=null
                                  <T>: @[ExtensionFunctionType] kotlin.Function1<androidx.navigation.NavOptionsBuilder, kotlin.Unit>
                                  dynamicCall: CALL 'public final fun invoke (): @[ExtensionFunctionType] kotlin.Function1<androidx.navigation.NavOptionsBuilder, kotlin.Unit> declared in kotlin.jvm.internal.invokeDynamic' type=@[ExtensionFunctionType] kotlin.Function1<androidx.navigation.NavOptionsBuilder, kotlin.Unit> origin=null
                                  bootstrapMethodHandle: CALL 'public final fun <jvm-method-handle> (tag: kotlin.Int, owner: kotlin.String, name: kotlin.String, descriptor: kotlin.String, isInterface: kotlin.Boolean): kotlin.Any declared in kotlin.jvm.internal' type=kotlin.Any origin=null
                                    tag: CONST Int type=kotlin.Int value=6
                                    owner: CONST String type=kotlin.String value="java/lang/invoke/LambdaMetafactory"
                                    name: CONST String type=kotlin.String value="metafactory"
                                    descriptor: CONST String type=kotlin.String value="(Ljava/lang/invoke/MethodHandles$Lookup;Ljava/lang/String;Ljava/lang/invoke/MethodType;Ljava/lang/invoke/MethodType;Ljava/lang/invoke/MethodHandle;Ljava/lang/invoke/MethodType;)Ljava/lang/invoke/CallSite;"
                                    isInterface: CONST Boolean type=kotlin.Boolean value=false
                                  bootstrapMethodArguments: VARARG type=kotlin.Array<kotlin.Any> varargElementType=kotlin.Any
                                    CALL 'public final fun <jvm-original-method-type> (method: kotlin.Any): kotlin.Any declared in kotlin.jvm.internal' type=kotlin.Any origin=null
                                      method: RAW_FUNCTION_REFERENCE 'public abstract fun invoke (p1: P1 of kotlin.Function1): R of kotlin.Function1 [operator] declared in kotlin.Function1' type=kotlin.Any
                                    RAW_FUNCTION_REFERENCE 'private final fun invoke$lambda$2$lambda$1$lambda$0 ($this$navigate: androidx.navigation.NavOptionsBuilder): kotlin.Unit? declared in fr.mrantoine.franji.ComposableSingletons$MainActivityKt.<clinit>.<no name provided>.invoke$lambda$7$lambda$6.<no name provided>' type=kotlin.Any
                                    CALL 'public final fun <jvm-original-method-type> (method: kotlin.Any): kotlin.Any declared in kotlin.jvm.internal' type=kotlin.Any origin=null
                                      method: RAW_FUNCTION_REFERENCE 'public abstract fun invoke (p1: androidx.navigation.NavOptionsBuilder): kotlin.Unit? [fake_override,operator] declared in kotlin.jvm.internal.invokeDynamic.<fake>' type=kotlin.Any
                        FUN INLINE_LAMBDA name:invoke$lambda$2 visibility:private modality:FINAL <> ($navController:androidx.navigation.NavHostController) returnType:kotlin.Function0<kotlin.Unit>
                          VALUE_PARAMETER BOUND_VALUE_PARAMETER name:$navController index:0 type:androidx.navigation.NavHostController
                          BLOCK_BODY
                            VAR name:$i$a$-cache-ComposableSingletons$MainActivityKt$lambda-2$1$3$1$3$1 type:kotlin.Int [val]
                              CONST Int type=kotlin.Int value=0
                            RETURN type=kotlin.Nothing from='private final fun invoke$lambda$2 ($navController: androidx.navigation.NavHostController): kotlin.Function0<kotlin.Unit> declared in fr.mrantoine.franji.ComposableSingletons$MainActivityKt.<clinit>.<no name provided>.invoke$lambda$7$lambda$6.<no name provided>'
                              BLOCK type=kotlin.Function0<kotlin.Unit> origin=LAMBDA
                                COMPOSITE type=kotlin.Unit origin=null
                                CALL 'public final fun <jvm-indy> <T> (dynamicCall: T of kotlin.jvm.internal.<jvm-indy>, bootstrapMethodHandle: kotlin.Any, vararg bootstrapMethodArguments: kotlin.Any): T of kotlin.jvm.internal.<jvm-indy> declared in kotlin.jvm.internal' type=kotlin.Function0<kotlin.Unit> origin=null
                                  <T>: kotlin.Function0<kotlin.Unit>
                                  dynamicCall: CALL 'public final fun invoke (p0: androidx.navigation.NavHostController): kotlin.Function0<kotlin.Unit> declared in kotlin.jvm.internal.invokeDynamic' type=kotlin.Function0<kotlin.Unit> origin=null
                                    p0: GET_VAR '$navController: androidx.navigation.NavHostController declared in fr.mrantoine.franji.ComposableSingletons$MainActivityKt.<clinit>.<no name provided>.invoke$lambda$7$lambda$6.<no name provided>.invoke$lambda$2' type=androidx.navigation.NavHostController origin=null
                                  bootstrapMethodHandle: CALL 'public final fun <jvm-method-handle> (tag: kotlin.Int, owner: kotlin.String, name: kotlin.String, descriptor: kotlin.String, isInterface: kotlin.Boolean): kotlin.Any declared in kotlin.jvm.internal' type=kotlin.Any origin=null
                                    tag: CONST Int type=kotlin.Int value=6
                                    owner: CONST String type=kotlin.String value="java/lang/invoke/LambdaMetafactory"
                                    name: CONST String type=kotlin.String value="metafactory"
                                    descriptor: CONST String type=kotlin.String value="(Ljava/lang/invoke/MethodHandles$Lookup;Ljava/lang/String;Ljava/lang/invoke/MethodType;Ljava/lang/invoke/MethodType;Ljava/lang/invoke/MethodHandle;Ljava/lang/invoke/MethodType;)Ljava/lang/invoke/CallSite;"
                                    isInterface: CONST Boolean type=kotlin.Boolean value=false
                                  bootstrapMethodArguments: VARARG type=kotlin.Array<kotlin.Any> varargElementType=kotlin.Any
                                    CALL 'public final fun <jvm-original-method-type> (method: kotlin.Any): kotlin.Any declared in kotlin.jvm.internal' type=kotlin.Any origin=null
                                      method: RAW_FUNCTION_REFERENCE 'public abstract fun invoke (): R of kotlin.Function0 [operator] declared in kotlin.Function0' type=kotlin.Any
                                    RAW_FUNCTION_REFERENCE 'private final fun invoke$lambda$2$lambda$1 ($navController: androidx.navigation.NavHostController): kotlin.Unit? declared in fr.mrantoine.franji.ComposableSingletons$MainActivityKt.<clinit>.<no name provided>.invoke$lambda$7$lambda$6.<no name provided>' type=kotlin.Any
                                    CALL 'public final fun <jvm-original-method-type> (method: kotlin.Any): kotlin.Any declared in kotlin.jvm.internal' type=kotlin.Any origin=null
                                      method: RAW_FUNCTION_REFERENCE 'public abstract fun invoke (): kotlin.Unit? [fake_override,operator] declared in kotlin.jvm.internal.invokeDynamic.<fake>' type=kotlin.Any
                        FUN BRIDGE name:invoke visibility:public modality:OPEN <> ($this:fr.mrantoine.franji.ComposableSingletons$MainActivityKt.<clinit>.<no name provided>.invoke$lambda$7$lambda$6.<no name provided>, p1:kotlin.Any?, p2:kotlin.Any?, p3:kotlin.Any?, p4:kotlin.Any?) returnType:kotlin.Any?
                          $this: VALUE_PARAMETER INSTANCE_RECEIVER name:<this> type:fr.mrantoine.franji.ComposableSingletons$MainActivityKt.<clinit>.<no name provided>.invoke$lambda$7$lambda$6.<no name provided>
                          VALUE_PARAMETER BRIDGE name:p1 index:0 type:kotlin.Any?
                          VALUE_PARAMETER BRIDGE name:p2 index:1 type:kotlin.Any?
                          VALUE_PARAMETER BRIDGE name:p3 index:2 type:kotlin.Any?
                          VALUE_PARAMETER BRIDGE name:p4 index:3 type:kotlin.Any?
                          EXPRESSION_BODY
                            RETURN type=kotlin.Nothing from='public open fun invoke (p1: kotlin.Any?, p2: kotlin.Any?, p3: kotlin.Any?, p4: kotlin.Any?): kotlin.Any? declared in fr.mrantoine.franji.ComposableSingletons$MainActivityKt.<clinit>.<no name provided>.invoke$lambda$7$lambda$6.<no name provided>'
                              CALL 'public final fun invoke ($this$composable: androidx.compose.animation.AnimatedVisibilityScope, it: androidx.navigation.NavBackStackEntry, $composer: androidx.compose.runtime.Composer?, $changed: kotlin.Int): kotlin.Unit declared in fr.mrantoine.franji.ComposableSingletons$MainActivityKt.<clinit>.<no name provided>.invoke$lambda$7$lambda$6.<no name provided>' type=kotlin.Unit origin=BRIDGE_DELEGATION
                                $this: GET_VAR '<this>: fr.mrantoine.franji.ComposableSingletons$MainActivityKt.<clinit>.<no name provided>.invoke$lambda$7$lambda$6.<no name provided> declared in fr.mrantoine.franji.ComposableSingletons$MainActivityKt.<clinit>.<no name provided>.invoke$lambda$7$lambda$6.<no name provided>.invoke' type=fr.mrantoine.franji.ComposableSingletons$MainActivityKt.<clinit>.<no name provided>.invoke$lambda$7$lambda$6.<no name provided> origin=null
                                $this$composable: TYPE_OP type=androidx.compose.animation.AnimatedVisibilityScope origin=IMPLICIT_CAST typeOperand=androidx.compose.animation.AnimatedVisibilityScope
                                  GET_VAR 'p1: kotlin.Any? declared in fr.mrantoine.franji.ComposableSingletons$MainActivityKt.<clinit>.<no name provided>.invoke$lambda$7$lambda$6.<no name provided>.invoke' type=kotlin.Any? origin=null
                                it: TYPE_OP type=androidx.navigation.NavBackStackEntry origin=IMPLICIT_CAST typeOperand=androidx.navigation.NavBackStackEntry
                                  GET_VAR 'p2: kotlin.Any? declared in fr.mrantoine.franji.ComposableSingletons$MainActivityKt.<clinit>.<no name provided>.invoke$lambda$7$lambda$6.<no name provided>.invoke' type=kotlin.Any? origin=null
                                $composer: TYPE_OP type=androidx.compose.runtime.Composer origin=IMPLICIT_CAST typeOperand=androidx.compose.runtime.Composer
                                  GET_VAR 'p3: kotlin.Any? declared in fr.mrantoine.franji.ComposableSingletons$MainActivityKt.<clinit>.<no name provided>.invoke$lambda$7$lambda$6.<no name provided>.invoke' type=kotlin.Any? origin=null
                                $changed: TYPE_OP type=kotlin.Int origin=IMPLICIT_CAST typeOperand=kotlin.Int
                                  GET_VAR 'p4: kotlin.Any? declared in fr.mrantoine.franji.ComposableSingletons$MainActivityKt.<clinit>.<no name provided>.invoke$lambda$7$lambda$6.<no name provided>.invoke' type=kotlin.Any? origin=null
                      CONSTRUCTOR_CALL 'public/*package*/ constructor <init> ($navController: androidx.navigation.NavHostController) [primary] declared in fr.mrantoine.franji.ComposableSingletons$MainActivityKt.<clinit>.<no name provided>.invoke$lambda$7$lambda$6.<no name provided>' type=fr.mrantoine.franji.ComposableSingletons$MainActivityKt.<clinit>.<no name provided>.invoke$lambda$7$lambda$6.<no name provided> origin=null
                        $navController: GET_VAR '$navController: androidx.navigation.NavHostController declared in fr.mrantoine.franji.ComposableSingletons$MainActivityKt.<clinit>.<no name provided>.invoke$lambda$7$lambda$6' type=androidx.navigation.NavHostController origin=null
                  $mask0: CONST Int type=kotlin.Int value=126
                  $handler: CONST Null type=kotlin.Any? value=null
                CALL 'public final fun composable$default (route: kotlin.String, arguments: kotlin.collections.List<androidx.navigation.NamedNavArgument>?, deepLinks: kotlin.collections.List<androidx.navigation.NavDeepLink>?, enterTransition: @[ExtensionFunctionType] kotlin.Function1<IrErrorType(null), androidx.compose.animation.EnterTransition?>?, exitTransition: @[ExtensionFunctionType] kotlin.Function1<IrErrorType(null), androidx.compose.animation.ExitTransition?>?, popEnterTransition: @[ExtensionFunctionType] kotlin.Function1<IrErrorType(null), androidx.compose.animation.EnterTransition?>?, popExitTransition: @[ExtensionFunctionType] kotlin.Function1<IrErrorType(null), androidx.compose.animation.ExitTransition?>?, content: @[ExtensionFunctionType] kotlin.Function4<androidx.compose.animation.AnimatedVisibilityScope, androidx.navigation.NavBackStackEntry, androidx.compose.runtime.Composer, kotlin.Int, kotlin.Unit>, $mask0: kotlin.Int, $handler: kotlin.Any?): kotlin.Unit declared in com.google.accompanist.navigation.animation.NavGraphBuilderKt' type=kotlin.Unit origin=DEFAULT_DISPATCH_CALL
                  $receiver: GET_VAR '$this$AnimatedNavHost: androidx.navigation.NavGraphBuilder declared in fr.mrantoine.franji.ComposableSingletons$MainActivityKt.<clinit>.<no name provided>.invoke$lambda$7$lambda$6' type=androidx.navigation.NavGraphBuilder origin=null
                  route: CONST String type=kotlin.String value="login"
                  arguments: COMPOSITE type=kotlin.collections.List<androidx.navigation.NamedNavArgument>? origin=DEFAULT_VALUE
                    CONST Null type=kotlin.collections.List<androidx.navigation.NamedNavArgument>? value=null
                  deepLinks: COMPOSITE type=kotlin.collections.List<androidx.navigation.NavDeepLink>? origin=DEFAULT_VALUE
                    CONST Null type=kotlin.collections.List<androidx.navigation.NavDeepLink>? value=null
                  enterTransition: COMPOSITE type=@[ExtensionFunctionType] kotlin.Function1<IrErrorType(null), androidx.compose.animation.EnterTransition?>? origin=DEFAULT_VALUE
                    CONST Null type=@[ExtensionFunctionType] kotlin.Function1<IrErrorType(null), androidx.compose.animation.EnterTransition?>? value=null
                  exitTransition: COMPOSITE type=@[ExtensionFunctionType] kotlin.Function1<IrErrorType(null), androidx.compose.animation.ExitTransition?>? origin=DEFAULT_VALUE
                    CONST Null type=@[ExtensionFunctionType] kotlin.Function1<IrErrorType(null), androidx.compose.animation.ExitTransition?>? value=null
                  popEnterTransition: COMPOSITE type=@[ExtensionFunctionType] kotlin.Function1<IrErrorType(null), androidx.compose.animation.EnterTransition?>? origin=DEFAULT_VALUE
                    CONST Null type=@[ExtensionFunctionType] kotlin.Function1<IrErrorType(null), androidx.compose.animation.EnterTransition?>? value=null
                  popExitTransition: COMPOSITE type=@[ExtensionFunctionType] kotlin.Function1<IrErrorType(null), androidx.compose.animation.ExitTransition?>? origin=DEFAULT_VALUE
                    CONST Null type=@[ExtensionFunctionType] kotlin.Function1<IrErrorType(null), androidx.compose.animation.ExitTransition?>? value=null
                  content: CALL 'internal final fun <get-lambda-1> (): @[ExtensionFunctionType] kotlin.Function4<androidx.compose.animation.AnimatedVisibilityScope, androidx.navigation.NavBackStackEntry, androidx.compose.runtime.Composer, kotlin.Int, kotlin.Unit> declared in fr.mrantoine.franji.ComposableSingletons$MainActivityKt' type=@[ExtensionFunctionType] kotlin.Function4<androidx.compose.animation.AnimatedVisibilityScope, androidx.navigation.NavBackStackEntry, androidx.compose.runtime.Composer, kotlin.Int, kotlin.Unit> origin=null
                    $this: GET_FIELD 'FIELD FIELD_FOR_OBJECT_INSTANCE name:INSTANCE type:fr.mrantoine.franji.ComposableSingletons$MainActivityKt visibility:public [final,static] declared in fr.mrantoine.franji.ComposableSingletons$MainActivityKt' type=fr.mrantoine.franji.ComposableSingletons$MainActivityKt origin=null
                  $mask0: CONST Int type=kotlin.Int value=126
                  $handler: CONST Null type=kotlin.Any? value=null
            FUN INLINE_LAMBDA name:invoke$lambda$7 visibility:private modality:FINAL <> ($navController:androidx.navigation.NavHostController) returnType:@[ExtensionFunctionType] kotlin.Function1<androidx.navigation.NavGraphBuilder, kotlin.Unit>
              VALUE_PARAMETER BOUND_VALUE_PARAMETER name:$navController index:0 type:androidx.navigation.NavHostController
              BLOCK_BODY
                VAR name:$i$a$-cache-ComposableSingletons$MainActivityKt$lambda-2$1$3 type:kotlin.Int [val]
                  CONST Int type=kotlin.Int value=0
                RETURN type=kotlin.Nothing from='private final fun invoke$lambda$7 ($navController: androidx.navigation.NavHostController): @[ExtensionFunctionType] kotlin.Function1<androidx.navigation.NavGraphBuilder, kotlin.Unit> declared in fr.mrantoine.franji.ComposableSingletons$MainActivityKt.<clinit>.<no name provided>'
                  BLOCK type=@[ExtensionFunctionType] kotlin.Function1<androidx.navigation.NavGraphBuilder, kotlin.Unit> origin=LAMBDA
                    COMPOSITE type=kotlin.Unit origin=null
                    CALL 'public final fun <jvm-indy> <T> (dynamicCall: T of kotlin.jvm.internal.<jvm-indy>, bootstrapMethodHandle: kotlin.Any, vararg bootstrapMethodArguments: kotlin.Any): T of kotlin.jvm.internal.<jvm-indy> declared in kotlin.jvm.internal' type=@[ExtensionFunctionType] kotlin.Function1<androidx.navigation.NavGraphBuilder, kotlin.Unit> origin=null
                      <T>: @[ExtensionFunctionType] kotlin.Function1<androidx.navigation.NavGraphBuilder, kotlin.Unit>
                      dynamicCall: CALL 'public final fun invoke (p0: androidx.navigation.NavHostController): @[ExtensionFunctionType] kotlin.Function1<androidx.navigation.NavGraphBuilder, kotlin.Unit> declared in kotlin.jvm.internal.invokeDynamic' type=@[ExtensionFunctionType] kotlin.Function1<androidx.navigation.NavGraphBuilder, kotlin.Unit> origin=null
                        p0: GET_VAR '$navController: androidx.navigation.NavHostController declared in fr.mrantoine.franji.ComposableSingletons$MainActivityKt.<clinit>.<no name provided>.invoke$lambda$7' type=androidx.navigation.NavHostController origin=null
                      bootstrapMethodHandle: CALL 'public final fun <jvm-method-handle> (tag: kotlin.Int, owner: kotlin.String, name: kotlin.String, descriptor: kotlin.String, isInterface: kotlin.Boolean): kotlin.Any declared in kotlin.jvm.internal' type=kotlin.Any origin=null
                        tag: CONST Int type=kotlin.Int value=6
                        owner: CONST String type=kotlin.String value="java/lang/invoke/LambdaMetafactory"
                        name: CONST String type=kotlin.String value="metafactory"
                        descriptor: CONST String type=kotlin.String value="(Ljava/lang/invoke/MethodHandles$Lookup;Ljava/lang/String;Ljava/lang/invoke/MethodType;Ljava/lang/invoke/MethodType;Ljava/lang/invoke/MethodHandle;Ljava/lang/invoke/MethodType;)Ljava/lang/invoke/CallSite;"
                        isInterface: CONST Boolean type=kotlin.Boolean value=false
                      bootstrapMethodArguments: VARARG type=kotlin.Array<kotlin.Any> varargElementType=kotlin.Any
                        CALL 'public final fun <jvm-original-method-type> (method: kotlin.Any): kotlin.Any declared in kotlin.jvm.internal' type=kotlin.Any origin=null
                          method: RAW_FUNCTION_REFERENCE 'public abstract fun invoke (p1: P1 of kotlin.Function1): R of kotlin.Function1 [operator] declared in kotlin.Function1' type=kotlin.Any
                        RAW_FUNCTION_REFERENCE 'private final fun invoke$lambda$7$lambda$6 ($navController: androidx.navigation.NavHostController, $this$AnimatedNavHost: androidx.navigation.NavGraphBuilder): kotlin.Unit? declared in fr.mrantoine.franji.ComposableSingletons$MainActivityKt.<clinit>.<no name provided>' type=kotlin.Any
                        CALL 'public final fun <jvm-original-method-type> (method: kotlin.Any): kotlin.Any declared in kotlin.jvm.internal' type=kotlin.Any origin=null
                          method: RAW_FUNCTION_REFERENCE 'public abstract fun invoke (p1: androidx.navigation.NavGraphBuilder): kotlin.Unit? [fake_override,operator] declared in kotlin.jvm.internal.invokeDynamic.<fake>' type=kotlin.Any
            FIELD FIELD_FOR_OBJECT_INSTANCE name:INSTANCE type:fr.mrantoine.franji.ComposableSingletons$MainActivityKt.<clinit>.<no name provided> visibility:public [final,static]
            FUN CLASS_STATIC_INITIALIZER name:<clinit> visibility:public/*package*/ modality:FINAL <> () returnType:kotlin.Unit
              BLOCK_BODY
                SET_FIELD 'FIELD FIELD_FOR_OBJECT_INSTANCE name:INSTANCE type:fr.mrantoine.franji.ComposableSingletons$MainActivityKt.<clinit>.<no name provided> visibility:public [final,static] declared in fr.mrantoine.franji.ComposableSingletons$MainActivityKt.<clinit>.<no name provided>' type=kotlin.Unit origin=INITIALIZE_FIELD
                  value: CONSTRUCTOR_CALL 'public/*package*/ constructor <init> () [primary] declared in fr.mrantoine.franji.ComposableSingletons$MainActivityKt.<clinit>.<no name provided>' type=fr.mrantoine.franji.ComposableSingletons$MainActivityKt.<clinit>.<no name provided> origin=null
            FUN BRIDGE name:invoke visibility:public modality:OPEN <> ($this:fr.mrantoine.franji.ComposableSingletons$MainActivityKt.<clinit>.<no name provided>, p1:kotlin.Any?, p2:kotlin.Any?) returnType:kotlin.Any?
              $this: VALUE_PARAMETER INSTANCE_RECEIVER name:<this> type:fr.mrantoine.franji.ComposableSingletons$MainActivityKt.<clinit>.<no name provided>
              VALUE_PARAMETER BRIDGE name:p1 index:0 type:kotlin.Any?
              VALUE_PARAMETER BRIDGE name:p2 index:1 type:kotlin.Any?
              EXPRESSION_BODY
                RETURN type=kotlin.Nothing from='public open fun invoke (p1: kotlin.Any?, p2: kotlin.Any?): kotlin.Any? declared in fr.mrantoine.franji.ComposableSingletons$MainActivityKt.<clinit>.<no name provided>'
                  CALL 'public final fun invoke ($composer: androidx.compose.runtime.Composer?, $changed: kotlin.Int): kotlin.Unit declared in fr.mrantoine.franji.ComposableSingletons$MainActivityKt.<clinit>.<no name provided>' type=kotlin.Unit origin=BRIDGE_DELEGATION
                    $this: GET_VAR '<this>: fr.mrantoine.franji.ComposableSingletons$MainActivityKt.<clinit>.<no name provided> declared in fr.mrantoine.franji.ComposableSingletons$MainActivityKt.<clinit>.<no name provided>.invoke' type=fr.mrantoine.franji.ComposableSingletons$MainActivityKt.<clinit>.<no name provided> origin=null
                    $composer: TYPE_OP type=androidx.compose.runtime.Composer origin=IMPLICIT_CAST typeOperand=androidx.compose.runtime.Composer
                      GET_VAR 'p1: kotlin.Any? declared in fr.mrantoine.franji.ComposableSingletons$MainActivityKt.<clinit>.<no name provided>.invoke' type=kotlin.Any? origin=null
                    $changed: TYPE_OP type=kotlin.Int origin=IMPLICIT_CAST typeOperand=kotlin.Int
                      GET_VAR 'p2: kotlin.Any? declared in fr.mrantoine.franji.ComposableSingletons$MainActivityKt.<clinit>.<no name provided>.invoke' type=kotlin.Any? origin=null
          GET_FIELD 'FIELD FIELD_FOR_OBJECT_INSTANCE name:INSTANCE type:fr.mrantoine.franji.ComposableSingletons$MainActivityKt.<clinit>.<no name provided> visibility:public [final,static] declared in fr.mrantoine.franji.ComposableSingletons$MainActivityKt.<clinit>.<no name provided>' type=fr.mrantoine.franji.ComposableSingletons$MainActivityKt.<clinit>.<no name provided> origin=null
    SET_FIELD 'FIELD name:lambda-3 type:kotlin.Function2<androidx.compose.runtime.Composer, kotlin.Int, kotlin.Unit> visibility:internal [static] declared in fr.mrantoine.franji.ComposableSingletons$MainActivityKt' type=kotlin.Unit origin=INITIALIZE_FIELD
      value: CALL 'public final fun composableLambdaInstance (key: kotlin.Int, tracked: kotlin.Boolean, block: kotlin.Any): androidx.compose.runtime.internal.ComposableLambda declared in androidx.compose.runtime.internal.ComposableLambdaKt' type=androidx.compose.runtime.internal.ComposableLambda origin=null
        key: CONST Int type=kotlin.Int value=733083907
        tracked: CONST Boolean type=kotlin.Boolean value=false
        block: BLOCK type=fr.mrantoine.franji.ComposableSingletons$MainActivityKt.<clinit>.<no name provided> origin=null
          CLASS LAMBDA_IMPL CLASS name:<no name provided> modality:FINAL visibility:public/*package*/ superTypes:[kotlin.Any; kotlin.Function2<androidx.compose.runtime.Composer, kotlin.Int, kotlin.Unit>]
            $this: VALUE_PARAMETER INSTANCE_RECEIVER name:<this> type:fr.mrantoine.franji.ComposableSingletons$MainActivityKt.<clinit>.<no name provided>
            CONSTRUCTOR GENERATED_MEMBER_IN_CALLABLE_REFERENCE visibility:public/*package*/ <> () returnType:fr.mrantoine.franji.ComposableSingletons$MainActivityKt.<clinit>.<no name provided> [primary]
              BLOCK_BODY
                DELEGATING_CONSTRUCTOR_CALL 'public constructor <init> () [primary] declared in kotlin.Any'
                BLOCK type=kotlin.Unit origin=null
            FUN name:invoke visibility:public modality:FINAL <> ($this:fr.mrantoine.franji.ComposableSingletons$MainActivityKt.<clinit>.<no name provided>, $composer:androidx.compose.runtime.Composer?, $changed:kotlin.Int) returnType:kotlin.Unit
              annotations:
                Composable
                ComposableTarget(applier = "androidx.compose.ui.UiComposable")
              overridden:
                public abstract fun invoke (p1: P1 of kotlin.Function2, p2: P2 of kotlin.Function2): R of kotlin.Function2 [operator] declared in kotlin.Function2
              $this: VALUE_PARAMETER INSTANCE_RECEIVER name:<this> type:fr.mrantoine.franji.ComposableSingletons$MainActivityKt.<clinit>.<no name provided>
              VALUE_PARAMETER name:$composer index:0 type:androidx.compose.runtime.Composer? [assignable]
              VALUE_PARAMETER name:$changed index:1 type:kotlin.Int
              BLOCK_BODY
                CALL 'public final fun sourceInformation (composer: androidx.compose.runtime.Composer, sourceInformation: kotlin.String): kotlin.Unit declared in androidx.compose.runtime.ComposerKt' type=kotlin.Unit origin=null
                  composer: GET_VAR '$composer: androidx.compose.runtime.Composer? [assignable] declared in fr.mrantoine.franji.ComposableSingletons$MainActivityKt.<clinit>.<no name provided>.invoke' type=androidx.compose.runtime.Composer? origin=null
                  sourceInformation: CONST String type=kotlin.String value="C37@1607L1569:MainActivity.kt#hbl8mt"
                WHEN type=kotlin.Unit origin=IF
                  BRANCH
                    if: CALL 'public final fun OROR (arg0: kotlin.Boolean, arg1: kotlin.Boolean): kotlin.Boolean declared in kotlin.internal.ir' type=kotlin.Boolean origin=null
                      arg0: CALL 'public final fun not (): kotlin.Boolean [operator] declared in kotlin.Boolean' type=kotlin.Boolean origin=null
                        $this: CALL 'public final fun EQEQ (arg0: kotlin.Any?, arg1: kotlin.Any?): kotlin.Boolean declared in kotlin.internal.ir' type=kotlin.Boolean origin=null
                          arg0: CALL 'public final fun and (other: kotlin.Int): kotlin.Int [infix] declared in kotlin.Int' type=kotlin.Int origin=null
                            $this: GET_VAR '$changed: kotlin.Int declared in fr.mrantoine.franji.ComposableSingletons$MainActivityKt.<clinit>.<no name provided>.invoke' type=kotlin.Int origin=null
                            other: CONST Int type=kotlin.Int value=3
                          arg1: CONST Int type=kotlin.Int value=2
                      arg1: CALL 'public final fun not (): kotlin.Boolean [operator] declared in kotlin.Boolean' type=kotlin.Boolean origin=null
                        $this: CALL 'public abstract fun <get-skipping> (): kotlin.Boolean declared in androidx.compose.runtime.Composer' type=kotlin.Boolean origin=null
                          $this: GET_VAR '$composer: androidx.compose.runtime.Composer? [assignable] declared in fr.mrantoine.franji.ComposableSingletons$MainActivityKt.<clinit>.<no name provided>.invoke' type=androidx.compose.runtime.Composer? origin=null
                    then: BLOCK type=kotlin.Unit origin=null
                      WHEN type=kotlin.Unit origin=IF
                        BRANCH
                          if: CALL 'public final fun isTraceInProgress (): kotlin.Boolean declared in androidx.compose.runtime.ComposerKt' type=kotlin.Boolean origin=null
                          then: CALL 'public final fun traceEventStart (key: kotlin.Int, dirty1: kotlin.Int, dirty2: kotlin.Int, info: kotlin.String): kotlin.Unit declared in androidx.compose.runtime.ComposerKt' type=kotlin.Unit origin=null
                            key: CONST Int type=kotlin.Int value=733083907
                            dirty1: GET_VAR '$changed: kotlin.Int declared in fr.mrantoine.franji.ComposableSingletons$MainActivityKt.<clinit>.<no name provided>.invoke' type=kotlin.Int origin=null
                            dirty2: CONST Int type=kotlin.Int value=-1
                            info: CONST String type=kotlin.String value="fr.mrantoine.franji.ComposableSingletons$MainActivityKt.lambda-3.<anonymous> (MainActivity.kt:37)"
                      CALL 'public final fun FranjiTheme (darkTheme: kotlin.Boolean, dynamicColor: kotlin.Boolean, content: kotlin.Function2<androidx.compose.runtime.Composer, kotlin.Int, kotlin.Unit>, $composer: androidx.compose.runtime.Composer?, $changed: kotlin.Int, $default: kotlin.Int): kotlin.Unit declared in fr.mrantoine.franji.ui.theme.ThemeKt' type=kotlin.Unit origin=null
                        darkTheme: COMPOSITE type=kotlin.Boolean origin=DEFAULT_VALUE
                          CONST Boolean type=kotlin.Boolean value=false
                        dynamicColor: CONST Boolean type=kotlin.Boolean value=false
                        content: CALL 'internal final fun <get-lambda-2> (): kotlin.Function2<androidx.compose.runtime.Composer, kotlin.Int, kotlin.Unit> declared in fr.mrantoine.franji.ComposableSingletons$MainActivityKt' type=kotlin.Function2<androidx.compose.runtime.Composer, kotlin.Int, kotlin.Unit> origin=null
                          $this: GET_FIELD 'FIELD FIELD_FOR_OBJECT_INSTANCE name:INSTANCE type:fr.mrantoine.franji.ComposableSingletons$MainActivityKt visibility:public [final,static] declared in fr.mrantoine.franji.ComposableSingletons$MainActivityKt' type=fr.mrantoine.franji.ComposableSingletons$MainActivityKt origin=null
                        $composer: GET_VAR '$composer: androidx.compose.runtime.Composer? [assignable] declared in fr.mrantoine.franji.ComposableSingletons$MainActivityKt.<clinit>.<no name provided>.invoke' type=androidx.compose.runtime.Composer? origin=null
                        $changed: CONST Int type=kotlin.Int value=432
                        $default: CONST Int type=kotlin.Int value=1
                      WHEN type=kotlin.Unit origin=IF
                        BRANCH
                          if: CALL 'public final fun isTraceInProgress (): kotlin.Boolean declared in androidx.compose.runtime.ComposerKt' type=kotlin.Boolean origin=null
                          then: CALL 'public final fun traceEventEnd (): kotlin.Unit declared in androidx.compose.runtime.ComposerKt' type=kotlin.Unit origin=null
                  BRANCH
                    if: CONST Boolean type=kotlin.Boolean value=true
                    then: CALL 'public abstract fun skipToGroupEnd (): kotlin.Unit declared in androidx.compose.runtime.Composer' type=kotlin.Unit origin=null
                      $this: GET_VAR '$composer: androidx.compose.runtime.Composer? [assignable] declared in fr.mrantoine.franji.ComposableSingletons$MainActivityKt.<clinit>.<no name provided>.invoke' type=androidx.compose.runtime.Composer? origin=null
            FIELD FIELD_FOR_OBJECT_INSTANCE name:INSTANCE type:fr.mrantoine.franji.ComposableSingletons$MainActivityKt.<clinit>.<no name provided> visibility:public [final,static]
            FUN CLASS_STATIC_INITIALIZER name:<clinit> visibility:public/*package*/ modality:FINAL <> () returnType:kotlin.Unit
              BLOCK_BODY
                SET_FIELD 'FIELD FIELD_FOR_OBJECT_INSTANCE name:INSTANCE type:fr.mrantoine.franji.ComposableSingletons$MainActivityKt.<clinit>.<no name provided> visibility:public [final,static] declared in fr.mrantoine.franji.ComposableSingletons$MainActivityKt.<clinit>.<no name provided>' type=kotlin.Unit origin=INITIALIZE_FIELD
                  value: CONSTRUCTOR_CALL 'public/*package*/ constructor <init> () [primary] declared in fr.mrantoine.franji.ComposableSingletons$MainActivityKt.<clinit>.<no name provided>' type=fr.mrantoine.franji.ComposableSingletons$MainActivityKt.<clinit>.<no name provided> origin=null
            FUN BRIDGE name:invoke visibility:public modality:OPEN <> ($this:fr.mrantoine.franji.ComposableSingletons$MainActivityKt.<clinit>.<no name provided>, p1:kotlin.Any?, p2:kotlin.Any?) returnType:kotlin.Any?
              $this: VALUE_PARAMETER INSTANCE_RECEIVER name:<this> type:fr.mrantoine.franji.ComposableSingletons$MainActivityKt.<clinit>.<no name provided>
              VALUE_PARAMETER BRIDGE name:p1 index:0 type:kotlin.Any?
              VALUE_PARAMETER BRIDGE name:p2 index:1 type:kotlin.Any?
              EXPRESSION_BODY
                RETURN type=kotlin.Nothing from='public open fun invoke (p1: kotlin.Any?, p2: kotlin.Any?): kotlin.Any? declared in fr.mrantoine.franji.ComposableSingletons$MainActivityKt.<clinit>.<no name provided>'
                  CALL 'public final fun invoke ($composer: androidx.compose.runtime.Composer?, $changed: kotlin.Int): kotlin.Unit declared in fr.mrantoine.franji.ComposableSingletons$MainActivityKt.<clinit>.<no name provided>' type=kotlin.Unit origin=BRIDGE_DELEGATION
                    $this: GET_VAR '<this>: fr.mrantoine.franji.ComposableSingletons$MainActivityKt.<clinit>.<no name provided> declared in fr.mrantoine.franji.ComposableSingletons$MainActivityKt.<clinit>.<no name provided>.invoke' type=fr.mrantoine.franji.ComposableSingletons$MainActivityKt.<clinit>.<no name provided> origin=null
                    $composer: TYPE_OP type=androidx.compose.runtime.Composer origin=IMPLICIT_CAST typeOperand=androidx.compose.runtime.Composer
                      GET_VAR 'p1: kotlin.Any? declared in fr.mrantoine.franji.ComposableSingletons$MainActivityKt.<clinit>.<no name provided>.invoke' type=kotlin.Any? origin=null
                    $changed: TYPE_OP type=kotlin.Int origin=IMPLICIT_CAST typeOperand=kotlin.Int
                      GET_VAR 'p2: kotlin.Any? declared in fr.mrantoine.franji.ComposableSingletons$MainActivityKt.<clinit>.<no name provided>.invoke' type=kotlin.Any? origin=null
          GET_FIELD 'FIELD FIELD_FOR_OBJECT_INSTANCE name:INSTANCE type:fr.mrantoine.franji.ComposableSingletons$MainActivityKt.<clinit>.<no name provided> visibility:public [final,static] declared in fr.mrantoine.franji.ComposableSingletons$MainActivityKt.<clinit>.<no name provided>' type=fr.mrantoine.franji.ComposableSingletons$MainActivityKt.<clinit>.<no name provided> origin=null
    SET_FIELD 'FIELD name:lambda-4 type:kotlin.Function2<androidx.compose.runtime.Composer, kotlin.Int, kotlin.Unit> visibility:internal [static] declared in fr.mrantoine.franji.ComposableSingletons$MainActivityKt' type=kotlin.Unit origin=INITIALIZE_FIELD
      value: CALL 'public final fun composableLambdaInstance (key: kotlin.Int, tracked: kotlin.Boolean, block: kotlin.Any): androidx.compose.runtime.internal.ComposableLambda declared in androidx.compose.runtime.internal.ComposableLambdaKt' type=androidx.compose.runtime.internal.ComposableLambda origin=null
        key: CONST Int type=kotlin.Int value=-964506786
        tracked: CONST Boolean type=kotlin.Boolean value=false
        block: BLOCK type=fr.mrantoine.franji.ComposableSingletons$MainActivityKt.<clinit>.<no name provided> origin=null
          CLASS LAMBDA_IMPL CLASS name:<no name provided> modality:FINAL visibility:public/*package*/ superTypes:[kotlin.Any; kotlin.Function2<androidx.compose.runtime.Composer, kotlin.Int, kotlin.Unit>]
            $this: VALUE_PARAMETER INSTANCE_RECEIVER name:<this> type:fr.mrantoine.franji.ComposableSingletons$MainActivityKt.<clinit>.<no name provided>
            CONSTRUCTOR GENERATED_MEMBER_IN_CALLABLE_REFERENCE visibility:public/*package*/ <> () returnType:fr.mrantoine.franji.ComposableSingletons$MainActivityKt.<clinit>.<no name provided> [primary]
              BLOCK_BODY
                DELEGATING_CONSTRUCTOR_CALL 'public constructor <init> () [primary] declared in kotlin.Any'
                BLOCK type=kotlin.Unit origin=null
            FUN name:invoke visibility:public modality:FINAL <> ($this:fr.mrantoine.franji.ComposableSingletons$MainActivityKt.<clinit>.<no name provided>, $composer:androidx.compose.runtime.Composer?, $changed:kotlin.Int) returnType:kotlin.Unit
              annotations:
                Composable
                ComposableTarget(applier = "androidx.compose.ui.UiComposable")
              overridden:
                public abstract fun invoke (p1: P1 of kotlin.Function2, p2: P2 of kotlin.Function2): R of kotlin.Function2 [operator] declared in kotlin.Function2
              $this: VALUE_PARAMETER INSTANCE_RECEIVER name:<this> type:fr.mrantoine.franji.ComposableSingletons$MainActivityKt.<clinit>.<no name provided>
              VALUE_PARAMETER name:$composer index:0 type:androidx.compose.runtime.Composer? [assignable]
              VALUE_PARAMETER name:$changed index:1 type:kotlin.Int
              BLOCK_BODY
                CALL 'public final fun sourceInformation (composer: androidx.compose.runtime.Composer, sourceInformation: kotlin.String): kotlin.Unit declared in androidx.compose.runtime.ComposerKt' type=kotlin.Unit origin=null
                  composer: GET_VAR '$composer: androidx.compose.runtime.Composer? [assignable] declared in fr.mrantoine.franji.ComposableSingletons$MainActivityKt.<clinit>.<no name provided>.invoke' type=androidx.compose.runtime.Composer? origin=null
                  sourceInformation: CONST String type=kotlin.String value="C88@3443L285:MainActivity.kt#hbl8mt"
                WHEN type=kotlin.Unit origin=IF
                  BRANCH
                    if: CALL 'public final fun OROR (arg0: kotlin.Boolean, arg1: kotlin.Boolean): kotlin.Boolean declared in kotlin.internal.ir' type=kotlin.Boolean origin=null
                      arg0: CALL 'public final fun not (): kotlin.Boolean [operator] declared in kotlin.Boolean' type=kotlin.Boolean origin=null
                        $this: CALL 'public final fun EQEQ (arg0: kotlin.Any?, arg1: kotlin.Any?): kotlin.Boolean declared in kotlin.internal.ir' type=kotlin.Boolean origin=null
                          arg0: CALL 'public final fun and (other: kotlin.Int): kotlin.Int [infix] declared in kotlin.Int' type=kotlin.Int origin=null
                            $this: GET_VAR '$changed: kotlin.Int declared in fr.mrantoine.franji.ComposableSingletons$MainActivityKt.<clinit>.<no name provided>.invoke' type=kotlin.Int origin=null
                            other: CONST Int type=kotlin.Int value=3
                          arg1: CONST Int type=kotlin.Int value=2
                      arg1: CALL 'public final fun not (): kotlin.Boolean [operator] declared in kotlin.Boolean' type=kotlin.Boolean origin=null
                        $this: CALL 'public abstract fun <get-skipping> (): kotlin.Boolean declared in androidx.compose.runtime.Composer' type=kotlin.Boolean origin=null
                          $this: GET_VAR '$composer: androidx.compose.runtime.Composer? [assignable] declared in fr.mrantoine.franji.ComposableSingletons$MainActivityKt.<clinit>.<no name provided>.invoke' type=androidx.compose.runtime.Composer? origin=null
                    then: BLOCK type=kotlin.Unit origin=null
                      WHEN type=kotlin.Unit origin=IF
                        BRANCH
                          if: CALL 'public final fun isTraceInProgress (): kotlin.Boolean declared in androidx.compose.runtime.ComposerKt' type=kotlin.Boolean origin=null
                          then: CALL 'public final fun traceEventStart (key: kotlin.Int, dirty1: kotlin.Int, dirty2: kotlin.Int, info: kotlin.String): kotlin.Unit declared in androidx.compose.runtime.ComposerKt' type=kotlin.Unit origin=null
                            key: CONST Int type=kotlin.Int value=-964506786
                            dirty1: GET_VAR '$changed: kotlin.Int declared in fr.mrantoine.franji.ComposableSingletons$MainActivityKt.<clinit>.<no name provided>.invoke' type=kotlin.Int origin=null
                            dirty2: CONST Int type=kotlin.Int value=-1
                            info: CONST String type=kotlin.String value="fr.mrantoine.franji.ComposableSingletons$MainActivityKt.lambda-4.<anonymous> (MainActivity.kt:88)"
                      CALL 'public final fun Column (modifier: androidx.compose.ui.Modifier?, verticalArrangement: androidx.compose.foundation.layout.Arrangement.Vertical?, horizontalAlignment: androidx.compose.ui.Alignment.Horizontal?, content: @[ExtensionFunctionType] kotlin.Function3<androidx.compose.foundation.layout.ColumnScope, androidx.compose.runtime.Composer, kotlin.Int, kotlin.Unit>, $composer: androidx.compose.runtime.Composer?, $changed: kotlin.Int, $default: kotlin.Int): kotlin.Unit [inline] declared in androidx.compose.foundation.layout.ColumnKt' type=kotlin.Unit origin=null
                        modifier: CALL 'public final fun fillMaxSize$default (fraction: kotlin.Float, $mask0: kotlin.Int, $handler: kotlin.Any?): androidx.compose.ui.Modifier declared in androidx.compose.foundation.layout.SizeKt' type=androidx.compose.ui.Modifier origin=DEFAULT_DISPATCH_CALL
                          $receiver: GET_FIELD 'FIELD FIELD_FOR_OBJECT_INSTANCE name:Companion type:androidx.compose.ui.Modifier.Companion visibility:public [final,static] declared in androidx.compose.ui.Modifier' type=androidx.compose.ui.Modifier.Companion origin=null
                          fraction: COMPOSITE type=kotlin.Float origin=DEFAULT_VALUE
                            CONST Float type=kotlin.Float value=0.0
                          $mask0: CONST Int type=kotlin.Int value=1
                          $handler: CONST Null type=kotlin.Any? value=null
                        verticalArrangement: COMPOSITE type=kotlin.Nothing? origin=DEFAULT_VALUE
                          CONST Null type=kotlin.Nothing? value=null
                        horizontalAlignment: COMPOSITE type=kotlin.Nothing? origin=DEFAULT_VALUE
                          CONST Null type=kotlin.Nothing? value=null
                        content: BLOCK type=@[ExtensionFunctionType] kotlin.Function3<androidx.compose.foundation.layout.ColumnScope, androidx.compose.runtime.Composer, kotlin.Int, kotlin.Unit> origin=LAMBDA
                          COMPOSITE type=kotlin.Unit origin=null
                          FUNCTION_REFERENCE 'private final fun invoke$lambda$0 ($composer: androidx.compose.runtime.Composer?, $changed: kotlin.Int): kotlin.Unit declared in fr.mrantoine.franji.ComposableSingletons$MainActivityKt.<clinit>.<no name provided>' type=@[ExtensionFunctionType] kotlin.Function3<androidx.compose.foundation.layout.ColumnScope, androidx.compose.runtime.Composer, kotlin.Int, kotlin.Unit> origin=INLINE_LAMBDA reflectionTarget=null
                        $composer: GET_VAR '$composer: androidx.compose.runtime.Composer? [assignable] declared in fr.mrantoine.franji.ComposableSingletons$MainActivityKt.<clinit>.<no name provided>.invoke' type=androidx.compose.runtime.Composer? origin=null
                        $changed: CONST Int type=kotlin.Int value=6
                        $default: CONST Int type=kotlin.Int value=6
                      WHEN type=kotlin.Unit origin=IF
                        BRANCH
                          if: CALL 'public final fun isTraceInProgress (): kotlin.Boolean declared in androidx.compose.runtime.ComposerKt' type=kotlin.Boolean origin=null
                          then: CALL 'public final fun traceEventEnd (): kotlin.Unit declared in androidx.compose.runtime.ComposerKt' type=kotlin.Unit origin=null
                  BRANCH
                    if: CONST Boolean type=kotlin.Boolean value=true
                    then: CALL 'public abstract fun skipToGroupEnd (): kotlin.Unit declared in androidx.compose.runtime.Composer' type=kotlin.Unit origin=null
                      $this: GET_VAR '$composer: androidx.compose.runtime.Composer? [assignable] declared in fr.mrantoine.franji.ComposableSingletons$MainActivityKt.<clinit>.<no name provided>.invoke' type=androidx.compose.runtime.Composer? origin=null
            FUN INLINE_LAMBDA name:invoke$lambda$0 visibility:private modality:FINAL <> ($receiver:androidx.compose.foundation.layout.ColumnScope, $composer:androidx.compose.runtime.Composer?, $changed:kotlin.Int) returnType:kotlin.Unit
              annotations:
                Composable
                ComposableTarget(applier = "androidx.compose.ui.UiComposable")
              $receiver: VALUE_PARAMETER name:$this$Column type:androidx.compose.foundation.layout.ColumnScope
              VALUE_PARAMETER name:$composer index:0 type:androidx.compose.runtime.Composer? [assignable]
              VALUE_PARAMETER name:$changed index:1 type:kotlin.Int
              BLOCK_BODY
                VAR name:$i$a$-Column-ComposableSingletons$MainActivityKt$lambda-4$1$1 type:kotlin.Int [val]
                  CONST Int type=kotlin.Int value=0
                BLOCK type=kotlin.Unit origin=null
                  CALL 'public final fun sourceInformationMarkerStart (composer: androidx.compose.runtime.Composer, key: kotlin.Int, sourceInformation: kotlin.String): kotlin.Unit declared in androidx.compose.runtime.ComposerKt' type=kotlin.Unit origin=null
                    composer: GET_VAR '$composer: androidx.compose.runtime.Composer? [assignable] declared in fr.mrantoine.franji.ComposableSingletons$MainActivityKt.<clinit>.<no name provided>.invoke$lambda$0' type=androidx.compose.runtime.Composer? origin=null
                    key: CONST Int type=kotlin.Int value=1732492083
                    sourceInformation: CONST String type=kotlin.String value="C93@3593L19,95@3626L38,96@3707L11:MainActivity.kt#hbl8mt"
                  COMPOSITE type=kotlin.Unit origin=null
                    CALL 'public final fun Greeting (name: kotlin.String, modifier: androidx.compose.ui.Modifier?, $composer: androidx.compose.runtime.Composer?, $changed: kotlin.Int, $default: kotlin.Int): kotlin.Unit declared in fr.mrantoine.franji.MainActivityKt' type=kotlin.Unit origin=null
                      name: CONST String type=kotlin.String value="Android"
                      modifier: COMPOSITE type=kotlin.Nothing? origin=DEFAULT_VALUE
                        CONST Null type=kotlin.Nothing? value=null
                      $composer: GET_VAR '$composer: androidx.compose.runtime.Composer? [assignable] declared in fr.mrantoine.franji.ComposableSingletons$MainActivityKt.<clinit>.<no name provided>.invoke$lambda$0' type=androidx.compose.runtime.Composer? origin=null
                      $changed: CONST Int type=kotlin.Int value=6
                      $default: CONST Int type=kotlin.Int value=2
                    CALL 'public final fun Spacer (modifier: androidx.compose.ui.Modifier, $composer: androidx.compose.runtime.Composer?, $changed: kotlin.Int): kotlin.Unit declared in androidx.compose.foundation.layout.SpacerKt' type=kotlin.Unit origin=null
                      modifier: CALL 'public final fun weight$default ($this: androidx.compose.foundation.layout.ColumnScope, $receiver: androidx.compose.ui.Modifier, weight: kotlin.Float, fill: kotlin.Boolean, $mask0: kotlin.Int, $handler: kotlin.Any?): androidx.compose.ui.Modifier declared in androidx.compose.foundation.layout.ColumnScope' type=androidx.compose.ui.Modifier origin=DEFAULT_DISPATCH_CALL
                        $this: GET_VAR '$this$Column: androidx.compose.foundation.layout.ColumnScope declared in fr.mrantoine.franji.ComposableSingletons$MainActivityKt.<clinit>.<no name provided>.invoke$lambda$0' type=androidx.compose.foundation.layout.ColumnScope origin=null
                        $receiver: GET_FIELD 'FIELD FIELD_FOR_OBJECT_INSTANCE name:Companion type:androidx.compose.ui.Modifier.Companion visibility:public [final,static] declared in androidx.compose.ui.Modifier' type=androidx.compose.ui.Modifier.Companion origin=null
                        weight: CONST Float type=kotlin.Float value=1.0
                        fill: COMPOSITE type=kotlin.Boolean origin=DEFAULT_VALUE
                          CONST Boolean type=kotlin.Boolean value=false
                        $mask0: CONST Int type=kotlin.Int value=2
                        $handler: CONST Null type=kotlin.Any? value=null
                      $composer: GET_VAR '$composer: androidx.compose.runtime.Composer? [assignable] declared in fr.mrantoine.franji.ComposableSingletons$MainActivityKt.<clinit>.<no name provided>.invoke$lambda$0' type=androidx.compose.runtime.Composer? origin=null
                      $changed: CONST Int type=kotlin.Int value=0
                    CALL 'public final fun BottomBar (modifier: androidx.compose.ui.Modifier?, selectedIndex: kotlin.Int, onItemSelected: kotlin.Function1<kotlin.Int, kotlin.Unit>?, $composer: androidx.compose.runtime.Composer?, $changed: kotlin.Int, $default: kotlin.Int): kotlin.Unit declared in fr.mrantoine.franji.ui.components.BottomBarKt' type=kotlin.Unit origin=null
                      modifier: COMPOSITE type=kotlin.Nothing? origin=DEFAULT_VALUE
                        CONST Null type=kotlin.Nothing? value=null
                      selectedIndex: COMPOSITE type=kotlin.Int origin=DEFAULT_VALUE
                        CONST Int type=kotlin.Int value=0
                      onItemSelected: COMPOSITE type=kotlin.Nothing? origin=DEFAULT_VALUE
                        CONST Null type=kotlin.Nothing? value=null
                      $composer: GET_VAR '$composer: androidx.compose.runtime.Composer? [assignable] declared in fr.mrantoine.franji.ComposableSingletons$MainActivityKt.<clinit>.<no name provided>.invoke$lambda$0' type=androidx.compose.runtime.Composer? origin=null
                      $changed: CONST Int type=kotlin.Int value=0
                      $default: CONST Int type=kotlin.Int value=7
                  CALL 'public final fun sourceInformationMarkerEnd (composer: androidx.compose.runtime.Composer): kotlin.Unit declared in androidx.compose.runtime.ComposerKt' type=kotlin.Unit origin=null
                    composer: GET_VAR '$composer: androidx.compose.runtime.Composer? [assignable] declared in fr.mrantoine.franji.ComposableSingletons$MainActivityKt.<clinit>.<no name provided>.invoke$lambda$0' type=androidx.compose.runtime.Composer? origin=null
            FIELD FIELD_FOR_OBJECT_INSTANCE name:INSTANCE type:fr.mrantoine.franji.ComposableSingletons$MainActivityKt.<clinit>.<no name provided> visibility:public [final,static]
            FUN CLASS_STATIC_INITIALIZER name:<clinit> visibility:public/*package*/ modality:FINAL <> () returnType:kotlin.Unit
              BLOCK_BODY
                SET_FIELD 'FIELD FIELD_FOR_OBJECT_INSTANCE name:INSTANCE type:fr.mrantoine.franji.ComposableSingletons$MainActivityKt.<clinit>.<no name provided> visibility:public [final,static] declared in fr.mrantoine.franji.ComposableSingletons$MainActivityKt.<clinit>.<no name provided>' type=kotlin.Unit origin=INITIALIZE_FIELD
                  value: CONSTRUCTOR_CALL 'public/*package*/ constructor <init> () [primary] declared in fr.mrantoine.franji.ComposableSingletons$MainActivityKt.<clinit>.<no name provided>' type=fr.mrantoine.franji.ComposableSingletons$MainActivityKt.<clinit>.<no name provided> origin=null
            FUN BRIDGE name:invoke visibility:public modality:OPEN <> ($this:fr.mrantoine.franji.ComposableSingletons$MainActivityKt.<clinit>.<no name provided>, p1:kotlin.Any?, p2:kotlin.Any?) returnType:kotlin.Any?
              $this: VALUE_PARAMETER INSTANCE_RECEIVER name:<this> type:fr.mrantoine.franji.ComposableSingletons$MainActivityKt.<clinit>.<no name provided>
              VALUE_PARAMETER BRIDGE name:p1 index:0 type:kotlin.Any?
              VALUE_PARAMETER BRIDGE name:p2 index:1 type:kotlin.Any?
              EXPRESSION_BODY
                RETURN type=kotlin.Nothing from='public open fun invoke (p1: kotlin.Any?, p2: kotlin.Any?): kotlin.Any? declared in fr.mrantoine.franji.ComposableSingletons$MainActivityKt.<clinit>.<no name provided>'
                  CALL 'public final fun invoke ($composer: androidx.compose.runtime.Composer?, $changed: kotlin.Int): kotlin.Unit declared in fr.mrantoine.franji.ComposableSingletons$MainActivityKt.<clinit>.<no name provided>' type=kotlin.Unit origin=BRIDGE_DELEGATION
                    $this: GET_VAR '<this>: fr.mrantoine.franji.ComposableSingletons$MainActivityKt.<clinit>.<no name provided> declared in fr.mrantoine.franji.ComposableSingletons$MainActivityKt.<clinit>.<no name provided>.invoke' type=fr.mrantoine.franji.ComposableSingletons$MainActivityKt.<clinit>.<no name provided> origin=null
                    $composer: TYPE_OP type=androidx.compose.runtime.Composer origin=IMPLICIT_CAST typeOperand=androidx.compose.runtime.Composer
                      GET_VAR 'p1: kotlin.Any? declared in fr.mrantoine.franji.ComposableSingletons$MainActivityKt.<clinit>.<no name provided>.invoke' type=kotlin.Any? origin=null
                    $changed: TYPE_OP type=kotlin.Int origin=IMPLICIT_CAST typeOperand=kotlin.Int
                      GET_VAR 'p2: kotlin.Any? declared in fr.mrantoine.franji.ComposableSingletons$MainActivityKt.<clinit>.<no name provided>.invoke' type=kotlin.Any? origin=null
          GET_FIELD 'FIELD FIELD_FOR_OBJECT_INSTANCE name:INSTANCE type:fr.mrantoine.franji.ComposableSingletons$MainActivityKt.<clinit>.<no name provided> visibility:public [final,static] declared in fr.mrantoine.franji.ComposableSingletons$MainActivityKt.<clinit>.<no name provided>' type=fr.mrantoine.franji.ComposableSingletons$MainActivityKt.<clinit>.<no name provided> origin=null

	at org.jetbrains.kotlin.backend.jvm.codegen.FunctionCodegen.generate(FunctionCodegen.kt:47)
	at org.jetbrains.kotlin.backend.jvm.codegen.FunctionCodegen.generate$default(FunctionCodegen.kt:40)
	at org.jetbrains.kotlin.backend.jvm.codegen.ClassCodegen.generateMethodNode(ClassCodegen.kt:406)
	at org.jetbrains.kotlin.backend.jvm.codegen.ClassCodegen.generateMethod(ClassCodegen.kt:423)
	at org.jetbrains.kotlin.backend.jvm.codegen.ClassCodegen.generate(ClassCodegen.kt:172)
	at org.jetbrains.kotlin.backend.jvm.FileCodegen.lower(JvmPhases.kt:39)
	at org.jetbrains.kotlin.backend.common.phaser.PhaseFactoriesKt.createFilePhase$lambda$4(PhaseFactories.kt:71)
	at org.jetbrains.kotlin.backend.common.phaser.PhaseBuildersKt$createSimpleNamedCompilerPhase$1.phaseBody(PhaseBuilders.kt:69)
	at org.jetbrains.kotlin.backend.common.phaser.SimpleNamedCompilerPhase.phaseBody(CompilerPhase.kt:226)
	at org.jetbrains.kotlin.backend.common.phaser.AbstractNamedCompilerPhase.invoke(CompilerPhase.kt:113)
	at org.jetbrains.kotlin.backend.common.phaser.PerformByIrFilePhase.invokeSequential(performByIrFile.kt:62)
	... 43 more
Caused by: java.lang.RuntimeException: Exception while generating code for:
FUN name:invoke visibility:public modality:FINAL <> ($this:fr.mrantoine.franji.ComposableSingletons$MainActivityKt.<clinit>.<no name provided>, $composer:androidx.compose.runtime.Composer?, $changed:kotlin.Int) returnType:kotlin.Unit
  annotations:
    Composable
    ComposableTarget(applier = "androidx.compose.ui.UiComposable")
  overridden:
    public abstract fun invoke (p1: P1 of kotlin.Function2, p2: P2 of kotlin.Function2): R of kotlin.Function2 [operator] declared in kotlin.Function2
  $this: VALUE_PARAMETER INSTANCE_RECEIVER name:<this> type:fr.mrantoine.franji.ComposableSingletons$MainActivityKt.<clinit>.<no name provided>
  VALUE_PARAMETER name:$composer index:0 type:androidx.compose.runtime.Composer? [assignable]
  VALUE_PARAMETER name:$changed index:1 type:kotlin.Int
  BLOCK_BODY
    CALL 'public final fun sourceInformation (composer: androidx.compose.runtime.Composer, sourceInformation: kotlin.String): kotlin.Unit declared in androidx.compose.runtime.ComposerKt' type=kotlin.Unit origin=null
      composer: GET_VAR '$composer: androidx.compose.runtime.Composer? [assignable] declared in fr.mrantoine.franji.ComposableSingletons$MainActivityKt.<clinit>.<no name provided>.invoke' type=androidx.compose.runtime.Composer? origin=null
      sourceInformation: CONST String type=kotlin.String value="C38@1679L23,43@1884L61,44@1984L63,45@2066L1096,40@1720L1442:MainActivity.kt#hbl8mt"
    WHEN type=kotlin.Unit origin=IF
      BRANCH
        if: CALL 'public final fun OROR (arg0: kotlin.Boolean, arg1: kotlin.Boolean): kotlin.Boolean declared in kotlin.internal.ir' type=kotlin.Boolean origin=null
          arg0: CALL 'public final fun not (): kotlin.Boolean [operator] declared in kotlin.Boolean' type=kotlin.Boolean origin=null
            $this: CALL 'public final fun EQEQ (arg0: kotlin.Any?, arg1: kotlin.Any?): kotlin.Boolean declared in kotlin.internal.ir' type=kotlin.Boolean origin=null
              arg0: CALL 'public final fun and (other: kotlin.Int): kotlin.Int [infix] declared in kotlin.Int' type=kotlin.Int origin=null
                $this: GET_VAR '$changed: kotlin.Int declared in fr.mrantoine.franji.ComposableSingletons$MainActivityKt.<clinit>.<no name provided>.invoke' type=kotlin.Int origin=null
                other: CONST Int type=kotlin.Int value=3
              arg1: CONST Int type=kotlin.Int value=2
          arg1: CALL 'public final fun not (): kotlin.Boolean [operator] declared in kotlin.Boolean' type=kotlin.Boolean origin=null
            $this: CALL 'public abstract fun <get-skipping> (): kotlin.Boolean declared in androidx.compose.runtime.Composer' type=kotlin.Boolean origin=null
              $this: GET_VAR '$composer: androidx.compose.runtime.Composer? [assignable] declared in fr.mrantoine.franji.ComposableSingletons$MainActivityKt.<clinit>.<no name provided>.invoke' type=androidx.compose.runtime.Composer? origin=null
        then: BLOCK type=kotlin.Unit origin=null
          WHEN type=kotlin.Unit origin=IF
            BRANCH
              if: CALL 'public final fun isTraceInProgress (): kotlin.Boolean declared in androidx.compose.runtime.ComposerKt' type=kotlin.Boolean origin=null
              then: CALL 'public final fun traceEventStart (key: kotlin.Int, dirty1: kotlin.Int, dirty2: kotlin.Int, info: kotlin.String): kotlin.Unit declared in androidx.compose.runtime.ComposerKt' type=kotlin.Unit origin=null
                key: CONST Int type=kotlin.Int value=986180799
                dirty1: GET_VAR '$changed: kotlin.Int declared in fr.mrantoine.franji.ComposableSingletons$MainActivityKt.<clinit>.<no name provided>.invoke' type=kotlin.Int origin=null
                dirty2: CONST Int type=kotlin.Int value=-1
                info: CONST String type=kotlin.String value="fr.mrantoine.franji.ComposableSingletons$MainActivityKt.lambda-2.<anonymous> (MainActivity.kt:38)"
          VAR name:navController type:androidx.navigation.NavHostController [val]
            CALL 'public final fun rememberNavController (vararg navigators: androidx.navigation.Navigator<out androidx.navigation.NavDestination>, $composer: androidx.compose.runtime.Composer?, $changed: kotlin.Int): androidx.navigation.NavHostController declared in androidx.navigation.compose.NavHostControllerKt' type=androidx.navigation.NavHostController origin=null
              navigators: CALL 'public final fun arrayOfNulls <T> (size: kotlin.Int): kotlin.Array<T of kotlin.arrayOfNulls?> declared in kotlin' type=kotlin.Array<out androidx.navigation.Navigator<out androidx.navigation.NavDestination>> origin=null
                <T>: androidx.navigation.Navigator<out androidx.navigation.NavDestination>
                size: CONST Int type=kotlin.Int value=0
              $composer: GET_VAR '$composer: androidx.compose.runtime.Composer? [assignable] declared in fr.mrantoine.franji.ComposableSingletons$MainActivityKt.<clinit>.<no name provided>.invoke' type=androidx.compose.runtime.Composer? origin=null
              $changed: CONST Int type=kotlin.Int value=0
          CALL 'public final fun AnimatedNavHost (navController: androidx.navigation.NavHostController, startDestination: kotlin.String, modifier: androidx.compose.ui.Modifier?, contentAlignment: androidx.compose.ui.Alignment?, route: kotlin.String?, enterTransition: @[ExtensionFunctionType] kotlin.Function1<IrErrorType(null), androidx.compose.animation.EnterTransition>?, exitTransition: @[ExtensionFunctionType] kotlin.Function1<IrErrorType(null), androidx.compose.animation.ExitTransition>?, popEnterTransition: @[ExtensionFunctionType] kotlin.Function1<IrErrorType(null), androidx.compose.animation.EnterTransition>?, popExitTransition: @[ExtensionFunctionType] kotlin.Function1<IrErrorType(null), androidx.compose.animation.ExitTransition>?, builder: @[ExtensionFunctionType] kotlin.Function1<androidx.navigation.NavGraphBuilder, kotlin.Unit>, $composer: androidx.compose.runtime.Composer?, $changed: kotlin.Int, $default: kotlin.Int): kotlin.Unit declared in com.google.accompanist.navigation.animation.AnimatedNavHostKt' type=kotlin.Unit origin=null
            navController: GET_VAR 'val navController: androidx.navigation.NavHostController [val] declared in fr.mrantoine.franji.ComposableSingletons$MainActivityKt.<clinit>.<no name provided>.invoke' type=androidx.navigation.NavHostController origin=null
            startDestination: CONST String type=kotlin.String value="splash"
            modifier: COMPOSITE type=kotlin.Nothing? origin=DEFAULT_VALUE
              CONST Null type=kotlin.Nothing? value=null
            contentAlignment: COMPOSITE type=kotlin.Nothing? origin=DEFAULT_VALUE
              CONST Null type=kotlin.Nothing? value=null
            route: COMPOSITE type=kotlin.Nothing? origin=DEFAULT_VALUE
              CONST Null type=kotlin.Nothing? value=null
            enterTransition: BLOCK type=@[ExtensionFunctionType] kotlin.Function1<IrErrorType(null), androidx.compose.animation.EnterTransition> origin=null
              BLOCK type=kotlin.Unit origin=null
                CALL 'public abstract fun startReplaceGroup (key: kotlin.Int): kotlin.Unit declared in androidx.compose.runtime.Composer' type=kotlin.Unit origin=null
                  $this: GET_VAR '$composer: androidx.compose.runtime.Composer? [assignable] declared in fr.mrantoine.franji.ComposableSingletons$MainActivityKt.<clinit>.<no name provided>.invoke' type=androidx.compose.runtime.Composer? origin=null
                  key: CONST Int type=kotlin.Int value=724000879
                CALL 'public final fun sourceInformation (composer: androidx.compose.runtime.Composer, sourceInformation: kotlin.String): kotlin.Unit declared in androidx.compose.runtime.ComposerKt' type=kotlin.Unit origin=null
                  composer: GET_VAR '$composer: androidx.compose.runtime.Composer? [assignable] declared in fr.mrantoine.franji.ComposableSingletons$MainActivityKt.<clinit>.<no name provided>.invoke' type=androidx.compose.runtime.Composer? origin=null
                  sourceInformation: CONST String type=kotlin.String value="CC(remember):MainActivity.kt#9igjgp"
              VAR IR_TEMPORARY_VARIABLE name:tmp0_group type:@[ExtensionFunctionType] kotlin.Function1<IrErrorType(null), androidx.compose.animation.EnterTransition> [val]
                CALL 'public final fun cache <T> (invalid: kotlin.Boolean, block: @[DisallowComposableCalls] kotlin.Function0<T of androidx.compose.runtime.ComposerKt.cache>): T of androidx.compose.runtime.ComposerKt.cache [inline] declared in androidx.compose.runtime.ComposerKt' type=@[ExtensionFunctionType] kotlin.Function1<IrErrorType(null), androidx.compose.animation.EnterTransition> origin=null
                  <T>: @[ExtensionFunctionType] kotlin.Function1<IrErrorType(null), androidx.compose.animation.EnterTransition>
                  $receiver: GET_VAR '$composer: androidx.compose.runtime.Composer? [assignable] declared in fr.mrantoine.franji.ComposableSingletons$MainActivityKt.<clinit>.<no name provided>.invoke' type=androidx.compose.runtime.Composer? origin=null
                  invalid: CONST Boolean type=kotlin.Boolean value=false
                  block: BLOCK type=kotlin.Function0<@[ExtensionFunctionType] kotlin.Function1<IrErrorType(null), androidx.compose.animation.EnterTransition>> origin=LAMBDA
                    COMPOSITE type=kotlin.Unit origin=null
                    FUNCTION_REFERENCE 'private final fun invoke$lambda$2 (): @[ExtensionFunctionType] kotlin.Function1<IrErrorType(null), androidx.compose.animation.EnterTransition> declared in fr.mrantoine.franji.ComposableSingletons$MainActivityKt.<clinit>.<no name provided>' type=kotlin.Function0<@[ExtensionFunctionType] kotlin.Function1<IrErrorType(null), androidx.compose.animation.EnterTransition>> origin=INLINE_LAMBDA reflectionTarget=null
              CALL 'public abstract fun endReplaceGroup (): kotlin.Unit declared in androidx.compose.runtime.Composer' type=kotlin.Unit origin=null
                $this: GET_VAR '$composer: androidx.compose.runtime.Composer? [assignable] declared in fr.mrantoine.franji.ComposableSingletons$MainActivityKt.<clinit>.<no name provided>.invoke' type=androidx.compose.runtime.Composer? origin=null
              GET_VAR 'val tmp0_group: @[ExtensionFunctionType] kotlin.Function1<IrErrorType(null), androidx.compose.animation.EnterTransition> [val] declared in fr.mrantoine.franji.ComposableSingletons$MainActivityKt.<clinit>.<no name provided>.invoke' type=@[ExtensionFunctionType] kotlin.Function1<IrErrorType(null), androidx.compose.animation.EnterTransition> origin=null
            exitTransition: BLOCK type=@[ExtensionFunctionType] kotlin.Function1<IrErrorType(null), androidx.compose.animation.ExitTransition> origin=null
              BLOCK type=kotlin.Unit origin=null
                CALL 'public abstract fun startReplaceGroup (key: kotlin.Int): kotlin.Unit declared in androidx.compose.runtime.Composer' type=kotlin.Unit origin=null
                  $this: GET_VAR '$composer: androidx.compose.runtime.Composer? [assignable] declared in fr.mrantoine.franji.ComposableSingletons$MainActivityKt.<clinit>.<no name provided>.invoke' type=androidx.compose.runtime.Composer? origin=null
                  key: CONST Int type=kotlin.Int value=724004081
                CALL 'public final fun sourceInformation (composer: androidx.compose.runtime.Composer, sourceInformation: kotlin.String): kotlin.Unit declared in androidx.compose.runtime.ComposerKt' type=kotlin.Unit origin=null
                  composer: GET_VAR '$composer: androidx.compose.runtime.Composer? [assignable] declared in fr.mrantoine.franji.ComposableSingletons$MainActivityKt.<clinit>.<no name provided>.invoke' type=androidx.compose.runtime.Composer? origin=null
                  sourceInformation: CONST String type=kotlin.String value="CC(remember):MainActivity.kt#9igjgp"
              VAR IR_TEMPORARY_VARIABLE name:tmp1_group type:@[ExtensionFunctionType] kotlin.Function1<IrErrorType(null), androidx.compose.animation.ExitTransition> [val]
                CALL 'public final fun cache <T> (invalid: kotlin.Boolean, block: @[DisallowComposableCalls] kotlin.Function0<T of androidx.compose.runtime.ComposerKt.cache>): T of androidx.compose.runtime.ComposerKt.cache [inline] declared in androidx.compose.runtime.ComposerKt' type=@[ExtensionFunctionType] kotlin.Function1<IrErrorType(null), androidx.compose.animation.ExitTransition> origin=null
                  <T>: @[ExtensionFunctionType] kotlin.Function1<IrErrorType(null), androidx.compose.animation.ExitTransition>
                  $receiver: GET_VAR '$composer: androidx.compose.runtime.Composer? [assignable] declared in fr.mrantoine.franji.ComposableSingletons$MainActivityKt.<clinit>.<no name provided>.invoke' type=androidx.compose.runtime.Composer? origin=null
                  invalid: CONST Boolean type=kotlin.Boolean value=false
                  block: BLOCK type=kotlin.Function0<@[ExtensionFunctionType] kotlin.Function1<IrErrorType(null), androidx.compose.animation.ExitTransition>> origin=LAMBDA
                    COMPOSITE type=kotlin.Unit origin=null
                    FUNCTION_REFERENCE 'private final fun invoke$lambda$5 (): @[ExtensionFunctionType] kotlin.Function1<IrErrorType(null), androidx.compose.animation.ExitTransition> declared in fr.mrantoine.franji.ComposableSingletons$MainActivityKt.<clinit>.<no name provided>' type=kotlin.Function0<@[ExtensionFunctionType] kotlin.Function1<IrErrorType(null), androidx.compose.animation.ExitTransition>> origin=INLINE_LAMBDA reflectionTarget=null
              CALL 'public abstract fun endReplaceGroup (): kotlin.Unit declared in androidx.compose.runtime.Composer' type=kotlin.Unit origin=null
                $this: GET_VAR '$composer: androidx.compose.runtime.Composer? [assignable] declared in fr.mrantoine.franji.ComposableSingletons$MainActivityKt.<clinit>.<no name provided>.invoke' type=androidx.compose.runtime.Composer? origin=null
              GET_VAR 'val tmp1_group: @[ExtensionFunctionType] kotlin.Function1<IrErrorType(null), androidx.compose.animation.ExitTransition> [val] declared in fr.mrantoine.franji.ComposableSingletons$MainActivityKt.<clinit>.<no name provided>.invoke' type=@[ExtensionFunctionType] kotlin.Function1<IrErrorType(null), androidx.compose.animation.ExitTransition> origin=null
            popEnterTransition: COMPOSITE type=kotlin.Nothing? origin=DEFAULT_VALUE
              CONST Null type=kotlin.Nothing? value=null
            popExitTransition: COMPOSITE type=kotlin.Nothing? origin=DEFAULT_VALUE
              CONST Null type=kotlin.Nothing? value=null
            builder: BLOCK type=@[ExtensionFunctionType] kotlin.Function1<androidx.navigation.NavGraphBuilder, kotlin.Unit> origin=null
              BLOCK type=kotlin.Unit origin=null
                CALL 'public abstract fun startReplaceGroup (key: kotlin.Int): kotlin.Unit declared in androidx.compose.runtime.Composer' type=kotlin.Unit origin=null
                  $this: GET_VAR '$composer: androidx.compose.runtime.Composer? [assignable] declared in fr.mrantoine.franji.ComposableSingletons$MainActivityKt.<clinit>.<no name provided>.invoke' type=androidx.compose.runtime.Composer? origin=null
                  key: CONST Int type=kotlin.Int value=724007738
                CALL 'public final fun sourceInformation (composer: androidx.compose.runtime.Composer, sourceInformation: kotlin.String): kotlin.Unit declared in androidx.compose.runtime.ComposerKt' type=kotlin.Unit origin=null
                  composer: GET_VAR '$composer: androidx.compose.runtime.Composer? [assignable] declared in fr.mrantoine.franji.ComposableSingletons$MainActivityKt.<clinit>.<no name provided>.invoke' type=androidx.compose.runtime.Composer? origin=null
                  sourceInformation: CONST String type=kotlin.String value="CC(remember):MainActivity.kt#9igjgp"
              VAR IR_TEMPORARY_VARIABLE name:tmp2_group type:@[ExtensionFunctionType] kotlin.Function1<androidx.navigation.NavGraphBuilder, kotlin.Unit> [val]
                CALL 'public final fun cache <T> (invalid: kotlin.Boolean, block: @[DisallowComposableCalls] kotlin.Function0<T of androidx.compose.runtime.ComposerKt.cache>): T of androidx.compose.runtime.ComposerKt.cache [inline] declared in androidx.compose.runtime.ComposerKt' type=@[ExtensionFunctionType] kotlin.Function1<androidx.navigation.NavGraphBuilder, kotlin.Unit> origin=null
                  <T>: @[ExtensionFunctionType] kotlin.Function1<androidx.navigation.NavGraphBuilder, kotlin.Unit>
                  $receiver: GET_VAR '$composer: androidx.compose.runtime.Composer? [assignable] declared in fr.mrantoine.franji.ComposableSingletons$MainActivityKt.<clinit>.<no name provided>.invoke' type=androidx.compose.runtime.Composer? origin=null
                  invalid: CALL 'public open fun changedInstance (value: kotlin.Any?): kotlin.Boolean declared in androidx.compose.runtime.Composer' type=kotlin.Boolean origin=null
                    $this: GET_VAR '$composer: androidx.compose.runtime.Composer? [assignable] declared in fr.mrantoine.franji.ComposableSingletons$MainActivityKt.<clinit>.<no name provided>.invoke' type=androidx.compose.runtime.Composer? origin=null
                    value: GET_VAR 'val navController: androidx.navigation.NavHostController [val] declared in fr.mrantoine.franji.ComposableSingletons$MainActivityKt.<clinit>.<no name provided>.invoke' type=androidx.navigation.NavHostController origin=null
                  block: BLOCK type=kotlin.Function0<@[ExtensionFunctionType] kotlin.Function1<androidx.navigation.NavGraphBuilder, kotlin.Unit>> origin=LAMBDA
                    COMPOSITE type=kotlin.Unit origin=null
                    FUNCTION_REFERENCE 'private final fun invoke$lambda$7 ($navController: androidx.navigation.NavHostController): @[ExtensionFunctionType] kotlin.Function1<androidx.navigation.NavGraphBuilder, kotlin.Unit> declared in fr.mrantoine.franji.ComposableSingletons$MainActivityKt.<clinit>.<no name provided>' type=kotlin.Function0<@[ExtensionFunctionType] kotlin.Function1<androidx.navigation.NavGraphBuilder, kotlin.Unit>> origin=INLINE_LAMBDA reflectionTarget=null
                      $navController: GET_VAR 'val navController: androidx.navigation.NavHostController [val] declared in fr.mrantoine.franji.ComposableSingletons$MainActivityKt.<clinit>.<no name provided>.invoke' type=androidx.navigation.NavHostController origin=null
              CALL 'public abstract fun endReplaceGroup (): kotlin.Unit declared in androidx.compose.runtime.Composer' type=kotlin.Unit origin=null
                $this: GET_VAR '$composer: androidx.compose.runtime.Composer? [assignable] declared in fr.mrantoine.franji.ComposableSingletons$MainActivityKt.<clinit>.<no name provided>.invoke' type=androidx.compose.runtime.Composer? origin=null
              GET_VAR 'val tmp2_group: @[ExtensionFunctionType] kotlin.Function1<androidx.navigation.NavGraphBuilder, kotlin.Unit> [val] declared in fr.mrantoine.franji.ComposableSingletons$MainActivityKt.<clinit>.<no name provided>.invoke' type=@[ExtensionFunctionType] kotlin.Function1<androidx.navigation.NavGraphBuilder, kotlin.Unit> origin=null
            $composer: GET_VAR '$composer: androidx.compose.runtime.Composer? [assignable] declared in fr.mrantoine.franji.ComposableSingletons$MainActivityKt.<clinit>.<no name provided>.invoke' type=androidx.compose.runtime.Composer? origin=null
            $changed: CONST Int type=kotlin.Int value=1769520
            $default: CONST Int type=kotlin.Int value=412
          WHEN type=kotlin.Unit origin=IF
            BRANCH
              if: CALL 'public final fun isTraceInProgress (): kotlin.Boolean declared in androidx.compose.runtime.ComposerKt' type=kotlin.Boolean origin=null
              then: CALL 'public final fun traceEventEnd (): kotlin.Unit declared in androidx.compose.runtime.ComposerKt' type=kotlin.Unit origin=null
      BRANCH
        if: CONST Boolean type=kotlin.Boolean value=true
        then: CALL 'public abstract fun skipToGroupEnd (): kotlin.Unit declared in androidx.compose.runtime.Composer' type=kotlin.Unit origin=null
          $this: GET_VAR '$composer: androidx.compose.runtime.Composer? [assignable] declared in fr.mrantoine.franji.ComposableSingletons$MainActivityKt.<clinit>.<no name provided>.invoke' type=androidx.compose.runtime.Composer? origin=null

	at org.jetbrains.kotlin.backend.jvm.codegen.FunctionCodegen.generate(FunctionCodegen.kt:47)
	at org.jetbrains.kotlin.backend.jvm.codegen.FunctionCodegen.generate$default(FunctionCodegen.kt:40)
	at org.jetbrains.kotlin.backend.jvm.codegen.ClassCodegen.generateMethodNode(ClassCodegen.kt:406)
	at org.jetbrains.kotlin.backend.jvm.codegen.ClassCodegen.generateMethod(ClassCodegen.kt:423)
	at org.jetbrains.kotlin.backend.jvm.codegen.ClassCodegen.generate(ClassCodegen.kt:168)
	at org.jetbrains.kotlin.backend.jvm.codegen.ExpressionCodegen.visitClass(ExpressionCodegen.kt:1000)
	at org.jetbrains.kotlin.backend.jvm.codegen.ExpressionCodegen.visitClass(ExpressionCodegen.kt:138)
	at org.jetbrains.kotlin.ir.declarations.IrClass.accept(IrClass.kt:72)
	at org.jetbrains.kotlin.backend.jvm.codegen.ExpressionCodegen.visitStatementContainer(ExpressionCodegen.kt:579)
	at org.jetbrains.kotlin.backend.jvm.codegen.ExpressionCodegen.visitContainerExpression(ExpressionCodegen.kt:593)
	at org.jetbrains.kotlin.backend.jvm.codegen.ExpressionCodegen.visitContainerExpression(ExpressionCodegen.kt:138)
	at org.jetbrains.kotlin.ir.visitors.IrElementVisitor$DefaultImpls.visitBlock(IrElementVisitor.kt:122)
	at org.jetbrains.kotlin.backend.jvm.codegen.ExpressionCodegen.visitBlock(ExpressionCodegen.kt:413)
	at org.jetbrains.kotlin.backend.jvm.codegen.ExpressionCodegen.visitBlock(ExpressionCodegen.kt:138)
	at org.jetbrains.kotlin.ir.expressions.IrBlock.accept(IrBlock.kt:18)
	at org.jetbrains.kotlin.backend.jvm.codegen.ExpressionCodegen.gen(ExpressionCodegen.kt:217)
	at org.jetbrains.kotlin.backend.jvm.codegen.IrCallGenerator.genValueAndPut(IrCallGenerator.kt:48)
	at org.jetbrains.kotlin.backend.jvm.codegen.ExpressionCodegen.visitCall$handleParameter(ExpressionCodegen.kt:616)
	at org.jetbrains.kotlin.backend.jvm.codegen.ExpressionCodegen.visitCall(ExpressionCodegen.kt:644)
	at org.jetbrains.kotlin.backend.jvm.codegen.ExpressionCodegen.visitCall(ExpressionCodegen.kt:138)
	at org.jetbrains.kotlin.ir.expressions.IrCall.accept(IrCall.kt:24)
	at org.jetbrains.kotlin.backend.jvm.codegen.ExpressionCodegen.visitFieldAccess(ExpressionCodegen.kt:878)
	at org.jetbrains.kotlin.backend.jvm.codegen.ExpressionCodegen.visitFieldAccess(ExpressionCodegen.kt:138)
	at org.jetbrains.kotlin.ir.visitors.IrElementVisitor$DefaultImpls.visitSetField(IrElementVisitor.kt:206)
	at org.jetbrains.kotlin.backend.jvm.codegen.ExpressionCodegen.visitSetField(ExpressionCodegen.kt:908)
	at org.jetbrains.kotlin.backend.jvm.codegen.ExpressionCodegen.visitSetField(ExpressionCodegen.kt:138)
	at org.jetbrains.kotlin.ir.expressions.IrSetField.accept(IrSetField.kt:21)
	at org.jetbrains.kotlin.backend.jvm.codegen.ExpressionCodegen.visitStatementContainer(ExpressionCodegen.kt:579)
	at org.jetbrains.kotlin.backend.jvm.codegen.ExpressionCodegen.visitBlockBody(ExpressionCodegen.kt:584)
	at org.jetbrains.kotlin.backend.jvm.codegen.ExpressionCodegen.visitBlockBody(ExpressionCodegen.kt:138)
	at org.jetbrains.kotlin.ir.expressions.IrBlockBody.accept(IrBlockBody.kt:20)
	at org.jetbrains.kotlin.backend.jvm.codegen.ExpressionCodegen.generate(ExpressionCodegen.kt:240)
	at org.jetbrains.kotlin.backend.jvm.codegen.FunctionCodegen.doGenerate(FunctionCodegen.kt:123)
	at org.jetbrains.kotlin.backend.jvm.codegen.FunctionCodegen.generate(FunctionCodegen.kt:44)
	... 53 more
Caused by: java.lang.IllegalStateException: Type org.jetbrains.kotlin.ir.types.impl.IrErrorTypeImpl@1ccbec73 has no arguments
	at org.jetbrains.kotlin.ir.types.IrTypeSystemContext$DefaultImpls.getArguments(IrTypeSystemContext.kt:131)
	at org.jetbrains.kotlin.backend.jvm.JvmIrTypeSystemContext.getArguments(JvmIrTypeSystemContext.kt:21)
	at org.jetbrains.kotlin.codegen.CodegenUtilKt.extractUsedReifiedParameters$lambda$17$visit(codegenUtil.kt:407)
	at org.jetbrains.kotlin.codegen.CodegenUtilKt.extractUsedReifiedParameters$lambda$17$visit(codegenUtil.kt:409)
	at org.jetbrains.kotlin.codegen.CodegenUtilKt.extractUsedReifiedParameters(codegenUtil.kt:417)
	at org.jetbrains.kotlin.codegen.inline.TypeParameterMappings.<init>(ReifiedTypeInliner.kt:423)
	at org.jetbrains.kotlin.backend.jvm.codegen.ExpressionCodegen.getOrCreateCallGenerator(ExpressionCodegen.kt:1609)
	at org.jetbrains.kotlin.backend.jvm.codegen.ExpressionCodegen.visitCall(ExpressionCodegen.kt:606)
	at org.jetbrains.kotlin.backend.jvm.codegen.ExpressionCodegen.visitCall(ExpressionCodegen.kt:138)
	at org.jetbrains.kotlin.ir.expressions.IrCall.accept(IrCall.kt:24)
	at org.jetbrains.kotlin.backend.jvm.codegen.ExpressionCodegen.visitVariable(ExpressionCodegen.kt:790)
	at org.jetbrains.kotlin.backend.jvm.codegen.ExpressionCodegen.visitVariable(ExpressionCodegen.kt:138)
	at org.jetbrains.kotlin.ir.declarations.IrVariable.accept(IrVariable.kt:36)
	at org.jetbrains.kotlin.backend.jvm.codegen.ExpressionCodegen.visitStatementContainer(ExpressionCodegen.kt:579)
	at org.jetbrains.kotlin.backend.jvm.codegen.ExpressionCodegen.visitContainerExpression(ExpressionCodegen.kt:593)
	at org.jetbrains.kotlin.backend.jvm.codegen.ExpressionCodegen.visitContainerExpression(ExpressionCodegen.kt:138)
	at org.jetbrains.kotlin.ir.visitors.IrElementVisitor$DefaultImpls.visitBlock(IrElementVisitor.kt:122)
	at org.jetbrains.kotlin.backend.jvm.codegen.ExpressionCodegen.visitBlock(ExpressionCodegen.kt:413)
	at org.jetbrains.kotlin.backend.jvm.codegen.ExpressionCodegen.visitBlock(ExpressionCodegen.kt:138)
	at org.jetbrains.kotlin.ir.expressions.IrBlock.accept(IrBlock.kt:18)
	at org.jetbrains.kotlin.backend.jvm.codegen.ExpressionCodegen.gen(ExpressionCodegen.kt:217)
	at org.jetbrains.kotlin.backend.jvm.codegen.IrCallGenerator.genValueAndPut(IrCallGenerator.kt:48)
	at org.jetbrains.kotlin.backend.jvm.codegen.ExpressionCodegen.visitCall$handleParameter(ExpressionCodegen.kt:616)
	at org.jetbrains.kotlin.backend.jvm.codegen.ExpressionCodegen.visitCall(ExpressionCodegen.kt:644)
	at org.jetbrains.kotlin.backend.jvm.codegen.ExpressionCodegen.visitCall(ExpressionCodegen.kt:138)
	at org.jetbrains.kotlin.ir.expressions.IrCall.accept(IrCall.kt:24)
	at org.jetbrains.kotlin.backend.jvm.codegen.ExpressionCodegen.visitStatementContainer(ExpressionCodegen.kt:579)
	at org.jetbrains.kotlin.backend.jvm.codegen.ExpressionCodegen.visitContainerExpression(ExpressionCodegen.kt:593)
	at org.jetbrains.kotlin.backend.jvm.codegen.ExpressionCodegen.visitContainerExpression(ExpressionCodegen.kt:138)
	at org.jetbrains.kotlin.ir.visitors.IrElementVisitor$DefaultImpls.visitBlock(IrElementVisitor.kt:122)
	at org.jetbrains.kotlin.backend.jvm.codegen.ExpressionCodegen.visitBlock(ExpressionCodegen.kt:413)
	at org.jetbrains.kotlin.backend.jvm.codegen.ExpressionCodegen.visitBlock(ExpressionCodegen.kt:138)
	at org.jetbrains.kotlin.ir.expressions.IrBlock.accept(IrBlock.kt:18)
	at org.jetbrains.kotlin.backend.jvm.codegen.ExpressionCodegen.visitWhen(ExpressionCodegen.kt:1101)
	at org.jetbrains.kotlin.backend.jvm.codegen.ExpressionCodegen.visitWhen(ExpressionCodegen.kt:138)
	at org.jetbrains.kotlin.ir.expressions.IrWhen.accept(IrWhen.kt:24)
	at org.jetbrains.kotlin.backend.jvm.codegen.ExpressionCodegen.visitStatementContainer(ExpressionCodegen.kt:579)
	at org.jetbrains.kotlin.backend.jvm.codegen.ExpressionCodegen.visitBlockBody(ExpressionCodegen.kt:584)
	at org.jetbrains.kotlin.backend.jvm.codegen.ExpressionCodegen.visitBlockBody(ExpressionCodegen.kt:138)
	at org.jetbrains.kotlin.ir.expressions.IrBlockBody.accept(IrBlockBody.kt:20)
	at org.jetbrains.kotlin.backend.jvm.codegen.ExpressionCodegen.generate(ExpressionCodegen.kt:240)
	at org.jetbrains.kotlin.backend.jvm.codegen.FunctionCodegen.doGenerate(FunctionCodegen.kt:123)
	at org.jetbrains.kotlin.backend.jvm.codegen.FunctionCodegen.generate(FunctionCodegen.kt:44)
	... 86 more


